Date,Close,High,Low,Open,Volume,ATR
2018-01-02,40.2670783996582,40.27643070005527,39.565805677893536,39.776189634537445,102223600,0.0
2018-01-03,40.260066986083984,40.80238628352514,40.19695500765061,40.33019497342311,118071600,0.0
2018-01-04,40.44706726074219,40.5499211500562,40.224998308918046,40.33252478094121,89738400,0.0
2018-01-05,40.90756607055664,40.994055211711675,40.451739619141776,40.54290490942475,94640000,0.0
2018-01-08,40.755638122558594,41.050171408244445,40.65745679380547,40.755638122558594,82271200,0.0
2018-01-09,40.75094985961914,40.921591854561065,40.53589336412295,40.802376800591794,86336000,0.0
2018-01-10,40.741600036621094,40.74393989480724,40.440054379738385,40.477456442146824,95839600,0.0
2018-01-11,40.9730224609375,41.02211311511454,40.7883555686387,40.81172918317203,74670800,0.0
2018-01-12,41.39612579345703,41.45924133390934,41.05951433352114,41.18340555601736,101672400,0.0
2018-01-16,41.18574523925781,41.933768721013166,41.17405664783749,41.585468671088606,118263600,0.0
2018-01-17,41.86598205566406,41.90104426428869,40.923939337469655,41.176394373281866,137547200,0.0
2018-01-18,41.90338134765625,42.09974042023661,41.6672874824555,41.929094823419305,124773600,0.0
2018-01-19,41.71636962890625,41.97817691644085,41.47092351341417,41.75143183103793,129700400,0.0
2018-01-22,41.37508010864258,41.557410684789765,41.281578529489984,41.44520807643533,108434400,0.5110944333275579
2018-01-23,41.384429931640625,41.94545012192714,41.33300655854965,41.44520916986427,130756400,0.504081471985826
2018-01-24,40.72523498535156,41.44520856729474,40.48680131877495,41.43351997804808,204420400,0.5292940414604875
2018-01-25,39.998252868652344,40.89588096747637,39.86267306723772,40.79302707903376,166116000,0.5798858313962373
2018-01-26,40.09175491333008,40.206297393461384,39.75280718937289,40.206297393461384,156572000,0.5732074209047379
2018-01-29,39.26191711425781,39.77618297744424,39.05387305096097,39.77618297744424,202561600,0.6192907957568902
2018-01-30,39.030494689941406,39.12399627428952,38.499864103281,38.6938832793173,184192800,0.6461732615096543
2018-01-31,39.13801956176758,39.37411693794769,38.92062678192371,39.00711592226718,129915600,0.6563585955198847
2018-02-01,39.2198486328125,39.416204154709504,38.9814148894474,39.077256358536815,188923200,0.6673783231462173
2018-02-02,37.51808547973633,38.99075870726561,37.424583889707215,38.80375196035035,346375200,0.7608815995843204
2018-02-05,36.580726623535156,38.30819507475602,36.46618412011472,37.19083407744985,290954000,0.8381886625461509
2018-02-06,38.109493255615234,38.27078653650845,35.99866285535439,36.19268205071455,272975200,0.9306900021415098
2018-02-07,37.293678283691406,38.19598257725575,37.183815515739305,38.123518306819236,206434400,0.9720981538368909
2018-02-08,36.267478942871094,37.63496190465887,36.2394291809823,37.46899249081761,217562000,1.0355466767404546
2018-02-09,36.71108627319336,37.0584569628266,35.262922282513344,36.86599613070262,282690400,1.1327426468045252
2018-02-12,38.18976593017578,38.46672273816519,36.96926786105699,37.20163266035302,243278000,1.2143992826326924
2018-02-13,38.57233428955078,38.66856648297439,37.9409622819946,38.011376169411854,130196800,1.1979133506655495
2018-02-14,39.283512115478516,39.32341248785229,38.22966380983118,38.26721478410091,162579600,1.202237691935725
2018-02-15,40.60258865356445,40.626057565112156,39.6660920548011,39.85151185604618,204588800,1.2657416380460924
2018-02-16,40.47114944458008,41.03211125006785,40.31624316123592,40.454721563931344,160704400,1.2427406542220087
2018-02-20,40.33501434326172,40.90066411551989,40.23408693219044,40.38195574267661,135722000,1.2359209522471966
2018-02-21,40.15194320678711,40.86780765643654,40.13785756271119,40.56503256469426,149886400,1.255668090654437
2018-02-22,40.48759078979492,40.82792054682032,40.3021709353275,40.323294036203414,123967600,1.272895810280945
2018-02-23,41.19171142578125,41.226916584183606,40.73167706139258,40.76219058627438,135249600,1.1974715996583305
2018-02-26,42.006160736083984,42.10473876856565,41.358360702033096,41.39122004619365,152648800,1.1311156273828378
2018-02-27,41.870018005371094,42.360562232054455,41.81603557762197,42.036664084160634,155712400,1.007715839759868
2018-02-28,41.80665969848633,42.39343632161307,41.79023181536693,42.07422969537611,151128400,0.9785042286691323
2018-03-01,41.0743522644043,42.19626857117151,40.52513035651895,41.90522615725141,195208000,0.9981903351674168
2018-03-02,41.35836410522461,41.37948720362311,40.475849792751795,40.557999950612896,153816000,0.9344833873501354
2018-03-05,41.50154113769531,41.71747451781942,40.96170589668479,41.123656827127995,113605600,0.8630642556474781
2018-03-06,41.46633529663086,41.83717859982234,41.33959310558097,41.757377828368675,95154000,0.8466343480233053
2018-03-07,41.08138656616211,41.27385093288928,40.90300784056516,41.06026347656485,126814000,0.8087471178836333
2018-03-08,41.529701232910156,41.57194742905669,41.090793481964944,41.187022122543205,95096400,0.7478910759737006
2018-03-09,42.24321365356445,42.24790886845284,41.635314046604286,41.7691008104262,128740800,0.74805818645304
2018-03-12,42.6516227722168,42.80887848962803,42.297210953699,42.315984655461044,128828400,0.7408501616483351
2018-03-13,42.24086380004883,43.06939186938944,42.06952607769264,42.855804379874634,126774000,0.7601298543605814
2018-03-14,41.88175964355469,42.36995811673612,41.73389082089603,42.32301671345703,117473600,0.7572791369182157
2018-03-15,41.93103790283203,42.304230395438275,41.79490893683333,41.89583275324594,90975200,0.7408502557908057
2018-03-16,41.783180236816406,42.04135973699052,41.689293851971776,41.931045473172695,157618800,0.7007815802361159
2018-03-19,41.14475631713867,41.65407773365645,40.75983119407739,41.6188725869795,133787200,0.7349831794008678
2018-03-20,41.13069152832031,41.49683953309172,41.06027762400275,41.13069152832031,78597600,0.7230801367467841
2018-03-21,40.198883056640625,41.09547563260166,40.19653365868567,41.08373938702482,148219600,0.6704386835312189
2018-03-22,39.63089370727539,40.52983232296425,39.572216046223105,39.90080951555583,165963200,0.6742943168076359
2018-03-23,38.713165283203125,39.88202301847782,38.713165283203125,39.522916102330775,164115200,0.7038006821033547
2018-03-26,40.55095672607422,40.628411664082556,39.06523800187792,39.44781747650699,150164800,0.8050621740060733
2018-03-27,39.51118850708008,41.10956740172063,39.177899826116274,40.76454247240878,163690400,0.9028007539731203
2018-03-28,39.074623107910156,39.90550071027378,38.77184798320467,39.25535128853273,166674000,0.9487358871284434
2018-03-29,39.37974548339844,40.31154688271614,39.173199002522075,39.386786515119255,153594000,0.9857870399329646
2018-04-02,39.12156295776367,39.65201123119887,38.60285451256873,39.11217610913106,150347200,1.0203221744020046
2018-04-03,39.522918701171875,39.60741466237426,38.69908576549835,39.34688574711688,121112000,1.013783824771941
2018-04-04,40.278690338134766,40.372573155198666,38.673270529102645,38.69908884100521,138422000,1.0897292055045074
2018-04-05,40.5579948425293,40.89362930170126,40.38900291382461,40.50635822090288,107732800,1.097273313001761
2018-04-06,39.52058792114258,40.48289962060871,39.47833813376646,40.128487760902544,140021200,1.149244086126339
2018-04-09,39.91254425048828,40.62606300601005,39.8656028397066,39.872643872253846,116070800,1.1551102319926574
2018-04-10,40.66362380981445,40.83965681332014,40.259921168596016,40.60494614197922,113634400,1.1901495644028637
2018-04-11,40.47350311279297,40.82087385529702,40.29981595084088,40.42421230284707,89726400,1.1606424240329705
2018-04-12,40.87249755859375,41.07434878731882,40.61431450508529,40.70115984930123,91557200,1.1351588095890206
2018-04-13,41.010990142822266,41.27151910294791,40.80444720984534,41.02272639139374,100497200,1.0850312494338692
2018-04-16,41.26682662963867,41.35366842078155,41.03446180568861,41.081403217619894,86313600,0.9727049563681446
2018-04-17,41.8348274230957,41.9991241613357,41.40530650508239,41.42408378679558,106421600,0.887035667517621
2018-04-18,41.740928649902344,41.9709475967017,41.515608498889755,41.733887619020656,83018000,0.8385846939992524
2018-04-19,40.5579948425293,41.16589447365878,40.525135499803376,40.78331502653571,139235200,0.8370753636630371
2018-04-20,38.896244049072266,40.1871524529709,38.82817596401007,40.04163301530664,261964400,0.8856940893694006
2018-04-23,38.78357696533203,39.17788901493464,38.51365765341196,39.156765922577186,146062000,0.8682585511298845
2018-04-24,38.24375534057617,39.03942433112402,37.840052720688725,38.88451443668804,134768000,0.8325491928684039
2018-04-25,38.41039276123047,38.825831574734394,38.11935387520056,38.16864110139597,113528400,0.8390876740089281
2018-04-26,38.54417037963867,38.898582053680634,38.34466496108976,38.52069788990382,111852000,0.801534844282359
2018-04-27,38.098228454589844,38.56999549782901,37.70156694524858,38.49254056570322,142623200,0.7846029491189991
2018-04-30,38.78827667236328,39.257697923260864,37.98556676309641,38.05363485006051,169709600,0.809247134642756
2018-05-01,39.6895637512207,39.71303266229741,38.790621726653995,39.05819166644517,214277600,0.8380827121768978
2018-05-02,41.44285583496094,41.719812647104675,40.792706415671205,41.12834088273352,266157600,0.9401829422739064
2018-05-03,41.5179557800293,41.661129382006536,40.94291555554344,41.28089937538475,136272800,0.958121651799658
2018-05-04,43.1468505859375,43.245428609444815,41.81838771321594,41.8371649912268,224805200,1.057035548332246
2018-05-07,43.45901870727539,44.04814106669595,43.36278649476054,43.463710341007975,169805600,1.0691064732652045
2018-05-08,43.667911529541016,43.70781190513855,43.109299108375836,43.41911884558,113611200,1.0793331660474021
2018-05-09,43.97538375854492,43.98477060792433,43.47310315384662,43.78526872136192,92844800,1.0290384734744553
2018-05-10,44.60441589355469,44.681870847448714,44.04345751359562,44.06458419658544,111957200,0.9559433456447815
2018-05-11,44.43476867675781,44.781124079827364,44.1661668942968,44.646824986202176,104848800,0.9524237616453445
2018-05-14,44.33108139038086,44.65623212523947,44.26275443642257,44.53371098533184,83115200,0.8948599101011736
2018-05-15,43.92818832397461,44.076627354090526,43.612464172969005,44.008296792998124,94780800,0.8957270185210321
2018-05-16,44.338165283203125,44.40414099361598,43.82452472981287,43.84101955621875,76732400,0.8975626736076207
2018-05-17,44.057769775390625,44.510151372329275,43.90933077186677,44.29574027728579,69176000,0.8784478198849115
2018-05-18,43.897544860839844,44.250968284993725,43.85513577564169,44.104887753477,73190800,0.8158550591125956
2018-05-21,44.20856857299805,44.59497812152537,44.038925005819245,44.29574521897252,73603200,0.7996177213091242
2018-05-22,44.09784698486328,44.50310638409517,44.00831184462029,44.38529850281174,60962800,0.6899424101370464
2018-05-23,44.38056564331055,44.41355169174006,43.76796349223717,43.90697946331335,80233600,0.6847548653541747
2018-05-24,44.33108139038086,44.493656757810164,43.873990067081564,44.47716553245859,92936000,0.6056258554479663
2018-05-25,44.43240737915039,44.6845142986647,44.21328291731223,44.34994044932966,69844000,0.5749073483475396
2018-05-29,44.27219009399414,44.47246488387322,44.02950620237712,44.20150825776424,90056400,0.5637963401142103
2018-05-30,44.17794418334961,44.295752034505206,44.00830059006872,44.229779925474894,74762000,0.5477809108541228
2018-05-31,44.02949905395508,44.349936508610654,43.857500621703196,44.111965976448204,109931200,0.5324915392829561
2018-06-01,44.823524475097656,44.82823419974906,44.2368401871287,44.293389239832464,93770000,0.545618536444629
2018-06-04,45.198143005371094,45.57277096331319,45.085048518960235,45.15337546413105,105064800,0.5710305935445312
2018-06-05,45.546875,45.6953140564857,45.323040781395484,45.49032952721355,86264000,0.555213010237585
2018-06-06,45.70473098754883,45.72829399486384,45.219363236624766,45.622267652366574,83734400,0.5501640455544395
2018-06-07,45.582218170166016,45.756571499725034,45.31832612251338,45.74243513194571,85388800,0.5385515296079498
2018-06-08,45.16752624511719,45.23821166989341,44.71278969726127,45.04265021927023,106627200,0.5723798127188578
2018-06-11,45.05678176879883,45.23113865191412,44.816456383543546,45.08505809281272,73234000,0.5521833132677898
2018-06-12,45.3041877746582,45.38194138925669,45.03794087574918,45.09448993960545,67644400,0.5414123114129775
2018-06-13,44.931907653808594,45.445551685104874,44.87064887374254,45.33716689476205,86553600,0.5363633551172237
2018-06-14,44.955467224121094,45.13689228323737,44.81880971422139,45.13217896352785,86440400,0.5148216321377512
2018-06-15,44.49366760253906,44.80468204998491,44.35701006610469,44.77405085873973,246876800,0.5239091876137459
2018-06-18,44.47010040283203,44.583194911549555,44.107250277682624,44.267470793974596,73939600,0.5262653270688052
2018-06-19,43.751487731933594,43.902281663090356,43.223707175279465,43.62189835471819,134314000,0.5947611687199539
2018-06-20,43.94232940673828,44.10725968278852,43.76090430547783,43.90698848873122,82514800,0.5849994590019162
2018-06-21,43.697288513183594,44.37821773005367,43.57476734474176,44.11903902665944,102847600,0.5853362618246253
2018-06-22,43.57006072998047,43.85986707368123,43.51822498132365,43.852798889338096,108801600,0.556221662120486
2018-06-25,42.922122955322266,43.5700663011726,42.582835682625024,43.21192933607982,126652400,0.5912259169371268
2018-06-26,43.4546012878418,43.94939568980616,43.00928776415795,43.115317704014764,98276800,0.6282503438117567
2018-06-27,43.39098358154297,44.12610333725696,43.36035239331826,43.643090484345954,101141200,0.6516435985779745
2018-06-28,43.70671081542969,43.87399953844859,43.30616485853516,43.37685028509541,69460800,0.6301011847928802
2018-06-29,43.61481475830078,44.104895760187524,43.096461027816034,43.89283951007356,90950800,0.6725120750786598
2018-07-02,44.102542877197266,44.13081920457902,43.216629182120954,43.31087761470998,70925200,0.7132398971465567
2018-07-03,43.334434509277344,44.283965391794474,43.244899402321124,44.24626602094871,55819200,0.746394409868772
2018-07-05,43.683135986328125,43.92111007150501,43.41924763347607,43.65014994222162,66416800,0.7655796236696065
2018-07-06,44.288673400878906,44.39705458505111,43.63601705281612,43.68785278271046,69940800,0.7771925075423626
2018-07-09,44.903629302978516,44.927188709958024,44.60204157004962,44.64916397921801,79026400,0.7888046986289474
2018-07-10,44.84944152832031,45.06856236255624,44.809383703042094,44.93426330823316,63756400,0.718289372340489
2018-07-11,44.267478942871094,44.71514733555964,44.20386169710242,44.41355952665594,75326000,0.7389899352235579
2018-07-12,45.00967025756836,45.09920538074771,44.604410935570954,44.65624668107368,72164400,0.741009653263894
2018-07-13,45.080345153808594,45.20050784745144,44.97902854938801,45.021441238162346,50055600,0.7324265965285974
2018-07-16,44.981388092041016,45.39135705389442,44.8659351203138,45.125113793493355,60172400,0.6994402618881003
2018-07-17,45.10862731933594,45.20758548689798,44.578491967618255,44.708081328191334,62138000,0.6709988893735169
2018-07-18,44.86122131347656,45.19108540259918,44.750481662975155,45.18637208262621,65573600,0.6477740890653259
2018-07-19,45.20993423461914,45.36779629624371,44.693935361208126,44.693935361208126,81147200,0.655347393002623
2018-07-20,45.106266021728516,45.33952324227363,44.80703310367688,45.18637448948724,82704800,0.6213513505901415
2018-07-23,45.146324157714844,45.22879109031837,44.66331125648758,44.92719968848247,63957600,0.5964434799739072
2018-07-24,45.47383117675781,45.629338405290476,45.24999697549978,45.344241819647266,74791600,0.5567254984097845
2018-07-25,45.90264129638672,45.909709478060186,45.339516458198204,45.487955463759825,66839600,0.5555481739550926
2018-07-26,45.758914947509766,46.17124231679987,45.61754412566942,45.85315976526376,76304000,0.5407382210190542
2018-07-27,44.997886657714844,45.98983036478812,44.79054728056739,45.942707942491445,96096000,0.5807930621005981
2018-07-30,44.745784759521484,45.28534320671292,44.547868406463465,45.21465776770341,84118000,0.6149570721531202
2018-07-31,44.83530807495117,45.27119853960078,44.61147388845953,44.837666532786,157492000,0.6159674164333602
2018-08-01,47.476558685302734,47.53781746675014,46.48932842822588,46.918150683987434,271742800,0.7495947702849567
2018-08-02,48.864341735839844,49.097602581978514,47.20560872670718,47.25979933310733,249616000,0.8689172386569497
2018-08-03,49.005706787109375,49.182418547865296,48.41430912684515,48.7795141514494,133789600,0.8862520591883448
2018-08-06,49.260169982910156,49.302579077921635,48.78893864166359,49.008059489642534,101701600,0.8780054104010817
2018-08-07,48.798362731933594,49.36148405297779,48.715895807364944,49.319074957057836,102349600,0.8926471608288544
2018-08-08,48.831356048583984,48.963300271358555,48.188126164952756,48.548617914751276,90102000,0.899883815926727
2018-08-09,49.215415954589844,49.42746867833868,48.81957964965833,49.36856474449613,93970400,0.9052694509326982
2018-08-10,49.068809509277344,49.44002519266483,48.86546923859156,49.0286148009558,98444800,0.9059177452357327
2018-08-13,49.385643005371094,49.87744283435731,49.10900627803238,49.48967807024764,103563600,0.9291762507717566
2018-08-14,49.59371566772461,49.785233134291715,49.24141574509612,49.690657765657285,82992000,0.927292277152729
2018-08-15,49.70956802368164,49.82778902521528,49.25796293194664,49.46839617036378,115230400,0.9284442701625996
2018-08-16,50.43782043457031,50.55367473143679,50.000401193766706,50.066604679924524,114001600,0.9030745289864868
2018-08-17,51.44504928588867,51.53253166882398,50.39997610944165,50.466179578876776,141708000,0.9312945832102629
2018-08-20,50.94380187988281,51.823362921071144,50.861045725428916,51.56800870100237,121150800,0.952908336388904
2018-08-21,50.84449768066406,51.35285026121521,50.60569250505204,51.26063800451161,104639200,0.8132403624149183
2018-08-22,50.84685134887695,51.15658978265497,50.560754949723034,50.62223217694636,76072400,0.7206575751049614
2018-08-23,50.950889587402344,51.31973854252035,50.74045634465841,50.75227555879988,75532800,0.7071699163079462
2018-08-24,51.10930633544922,51.28427111585805,50.861041500529375,51.21334139829706,73905600,0.7007120005272769
2018-08-27,51.530174255371094,51.71932859234506,51.14950246004533,51.34338303977495,82100400,0.6981715727617767
2018-08-28,51.9463005065918,52.14491089711803,51.76187605712912,51.78315496872447,91107200,0.6867117538575721
2018-08-29,52.72184753417969,52.84243528922243,51.87775128797741,52.05271609675412,109019200,0.7121971090407629
2018-08-30,53.20655822753906,53.97026509633108,52.58471443473294,52.78569163548751,195175200,0.770125302435397
2018-08-31,53.82130432128906,54.11449015060924,53.43590263011833,53.556486775291695,173360400,0.7772180594346979
2018-09-04,53.993892669677734,54.18777322429528,53.58484903952322,54.00571549067332,109560400,0.7814399734044452
2018-09-05,53.6416015625,54.303639960299556,53.223101771937806,54.14286111353829,133332000,0.8179194087682389
2018-09-06,52.750213623046875,53.75509216076385,52.32461728550888,53.49027465750758,137160000,0.8598028493039404
2018-09-07,52.32461929321289,53.286936430190956,52.18511936850075,52.45466312464746,150479200,0.8576072423259318
2018-09-10,51.62239456176758,52.4546716097598,51.182612192934016,52.24187159449355,158066000,0.8797316866961857
2018-09-11,52.92754364013672,53.033941819572114,51.20387942357245,51.54671960522813,142996000,0.957082018113078
2018-09-12,52.270233154296875,53.19944845556792,51.97940690511045,53.185262513230725,197114800,1.0016682122220446
2018-09-13,53.5328483581543,53.99154653769781,52.62491170196772,52.84953094028925,166825600,1.083241868331973
2018-09-14,52.9251708984375,53.6344968245139,52.61306936702936,53.376775937249185,127997200,1.1259702856288207
2018-09-17,51.5159912109375,52.71475044000342,51.371761426756805,52.52559609238329,148780400,1.1933550866848819
2018-09-18,51.601104736328125,52.454660523096074,51.3362872360447,51.49470294727404,126286800,1.2293291327780562
2018-09-19,51.6318473815918,51.9273999330875,50.90597219118434,51.662586001449505,108495200,1.2333822571107806
2018-09-20,52.02434158325195,52.55633617131596,51.816271434307,52.07399599891171,106435200,1.2004492662626391
2018-09-21,51.463966369628906,52.3388010443892,51.376480376679865,52.20166425202721,384986800,1.2043341765940074
2018-09-24,52.20402908325195,52.31515711505072,51.220433077107394,51.265357635641195,110773600,1.239462737534812
2018-09-25,52.53504943847656,52.68400905547717,51.946307549786276,51.958130371548314,98217600,1.2149744030583223
2018-09-26,52.116539001464844,52.903891200651834,51.9604864341698,52.25367577807399,95938800,1.1801836810031123
2018-09-27,53.1876220703125,53.539921915292425,52.85423801645415,52.920445089288755,120724800,1.203152670441496
2018-09-28,53.37443161010742,53.39807365127702,52.96775098066755,53.1498087681695,91717600,1.143028617140331
2018-10-01,53.73381423950195,54.24452988828253,53.518654734943205,53.896959816847335,94403200,1.0744597515814343
2018-10-02,54.21143341064453,54.38167197676256,53.58486341577916,53.731456333562136,99152800,1.044228823761858
2018-10-03,54.8711051940918,55.20212260237653,54.32965090961708,54.39349126972169,114619200,0.9920413814997912
2018-10-04,53.90642547607422,54.93731298129252,53.60850617745029,54.56609722279109,128168000,1.0139970490967691
2018-10-05,53.03156661987305,54.005709966738436,52.15436895212806,53.8993118042979,134322000,1.0352778735917465
2018-10-08,52.908626556396484,53.15216152411722,52.06452689730765,52.53977761918133,118655600,1.0330822550030458
2018-10-09,53.6416015625,53.73618053808223,52.54924055121309,52.87789482474594,107564000,1.0449045582149015
2018-10-10,51.156585693359375,53.51864231494605,51.08328925859234,53.30820910217498,167962400,1.1616062377994372
2018-10-11,50.704994201660156,51.89902721215979,50.20137511528744,50.72154687603227,212497600,1.2141299113110808
2018-10-12,52.51613235473633,52.69819370350563,51.27008201426514,52.11654480060176,161351600,1.2783067301612345
2018-10-15,51.393035888671875,52.44993197126722,51.37175697346174,52.29151625611603,123164000,1.3073548641314983
2018-10-16,52.525596618652344,52.72421066994395,51.251174194641926,51.764252977522055,116736000,1.3451857004757832
2018-10-17,52.29859924316406,52.64143937365331,51.86118016121075,52.56104997077243,91541600,1.2992482932339964
2018-10-18,51.076202392578125,51.955766930543895,50.36214653480621,51.51125481132157,130325200,1.406829010216024
2018-10-19,51.85408020019531,52.315141251993786,51.409568207785696,51.55852778137352,132314800,1.4331747660189207
2018-10-22,52.170928955078125,52.81168840057024,51.766615131446095,51.967588678689886,115168400,1.4509079594575454
2018-10-23,52.6627311706543,52.78568203373293,50.764102000238935,51.0312826427505,155071200,1.5245430195834027
2018-10-24,50.8563117980957,53.017391656334006,50.726267969157426,52.63199362779541,163702000,1.5932799398215702
2018-10-25,51.96995162963867,52.3435304176031,51.248802817676285,51.47578872209439,119423200,1.5672711973142144
2018-10-26,51.14240646362305,52.06216571984942,50.28412082995475,51.04782749681985,189033600,1.6165862161060072
2018-10-29,50.18246078491211,51.94395329351893,48.72834004766354,51.82573227135982,183742000,1.761491448890739
2018-10-30,50.433082580566406,50.87759111597405,49.480221547617695,49.92473008302534,146640000,1.678566967779931
2018-10-31,51.74769973754883,52.12364167690508,51.21806832318598,51.27954555631616,153435600,1.6780603248846688
2018-11-01,52.542137145996094,52.57523887892228,51.26298516681588,51.792616501453125,233292800,1.6294213399033062
2018-11-02,49.056976318359375,50.51582276279323,48.57226958405468,49.54641290200179,365314800,1.8312422099509367
2018-11-05,47.664337158203125,48.326375413709044,46.85570603182611,48.30509650170871,264654800,1.8832589107531683
2018-11-06,48.179786682128906,48.40440585745062,47.68798689600997,47.74236754506671,127531600,1.880388159810663
2018-11-07,49.64099884033203,49.66700760551551,48.264908230328544,48.699960659016895,133697600,1.8483001751698593
2018-11-08,49.467803955078125,49.854546748716004,49.05495802314485,49.82132950962304,101450400,1.8169180227523947
2018-11-09,48.51399230957031,48.87938196083556,47.98725918732527,48.77024114907393,137463200,1.8480231297973024
2018-11-12,46.070125579833984,47.41780380668561,45.97996297573852,47.21612544081099,204542000,1.8846266512500018
2018-11-13,45.60983657836914,46.78430756047721,45.42476859914762,45.467478543802656,187531600,1.818084885118074
2018-11-14,44.32147216796875,46.14368081930121,44.11504743544878,46.00606553775681,243204000,1.8567573682855765
2018-11-15,45.41527557373047,45.54814450930108,44.34519912826086,44.69872824786671,185915200,1.8173736148168385
2018-11-16,45.91827392578125,46.2599389233287,44.9525992928305,45.19935533527785,147713200,1.6810683565770392
2018-11-19,44.098453521728516,45.246825160870316,43.89203234926841,45.080738951970936,167701200,1.7259877857310737
2018-11-20,41.99150848388672,43.05683851163266,41.64272573882717,42.32130943637899,271300800,1.780642691914122
2018-11-21,41.94405746459961,42.77212054847709,41.889487071573676,42.643994348703465,124496800,1.7499555322567661
2018-11-23,40.87872314453125,41.901346788253655,40.833645463053145,41.50748276383768,94496000,1.5457087065142698
2018-11-26,41.43156051635742,41.50985905728153,40.39707629811021,41.34140152229291,179994000,1.4679595974169881
2018-11-27,41.341407775878906,41.46715900960743,40.54419042635813,40.693666190363125,165549600,1.4810238748456885
2018-11-28,42.93109130859375,43.014132585864616,41.505114329859374,41.932195651447095,184250000,1.4942741524599106
2018-11-29,42.60129165649414,43.37240942608668,42.16234624717858,43.33919219005899,167080000,1.5235937562696924
2018-11-30,42.37112808227539,42.78634520280231,42.00336362287035,42.77685249833434,158126000,1.4737678142824855
2018-12-03,43.8516960144043,43.88016690063734,42.99516185628555,43.76627973529744,163210000,1.4005542060346399
2018-12-04,41.922698974609375,43.27511989778296,41.82304728768147,42.933454902369334,165377200,1.4483477607055855
2018-12-06,41.45528793334961,41.46952337319293,40.435039173164846,40.75297606435523,172393600,1.4097067905335925
2018-12-07,39.977115631103516,41.40071754199759,39.9320343246601,41.163450556848574,169126400,1.4308911667733908
2018-12-10,40.240482330322266,40.356740836565265,38.75281731229737,39.149052745025465,248104000,1.4520757306140837
2018-12-11,40.01034164428711,40.76010273038026,39.623595215094355,40.72926047741938,189126800,1.388523297669303
2018-12-12,40.121849060058594,40.79094008262468,40.10286726659763,40.43029324768022,142510800,1.2688712016290329
2018-12-13,40.560794830322266,40.94516985024621,40.22862246288901,40.45165403262589,127594400,1.264634581149333
2018-12-14,39.262939453125,40.117102042698306,39.21548678046134,40.09812024955147,162814800,1.2814128703146517
2018-12-17,38.897552490234375,39.943900827275144,38.61045782776475,39.255824356252,177151600,1.2971743160531568
2018-12-18,39.402923583984375,39.74933129880673,39.004313230839,39.239208811464295,135366000,1.2920893321476608
2018-12-19,38.17388153076172,39.73035222871584,37.746800273297104,39.38631585646059,196189200,1.3142912711071624
2018-12-20,37.21058654785156,38.4633561025011,36.84756830306149,38.05762791222595,259092000,1.3432716011451273
2018-12-21,35.76325225830078,37.52614787017046,35.50226074249866,37.217700060216195,382978400,1.431907711697973
2018-12-24,34.83790588378906,35.95780615108884,34.780960513781764,35.15109636781357,148676800,1.4081796273369105
2018-12-26,37.291255950927734,37.30549139242431,34.811816392339566,35.18669870684758,234330000,1.4413957897199043
2018-12-27,37.04924392700195,37.196351942081705,35.60666362348881,36.97569172966579,212468400,1.4554623987195043
2018-12-28,37.06821823120117,37.61156162757762,36.66961145378511,37.3695483010569,169165600,1.4139407247982905
2018-12-31,37.426490783691406,37.81086209224743,37.12753210334212,37.61393008515579,140014000,1.3524207488538877
2019-01-02,37.46919631958008,37.68985646575044,36.593680694580726,36.75027775052016,148158800,1.3495399099884453
2019-01-03,33.736995697021484,34.574547927015324,33.69191438723821,34.16170203892372,365248800,1.5635887309887526
2019-01-04,35.17720031738281,35.24600976737911,34.11899163910133,34.292195516680664,234428400,1.6125668224294674
2019-01-07,35.098915100097656,35.312457630309815,34.617263248981814,35.281611753406175,219111200,1.5661301318199727
2019-01-08,35.76799392700195,36.0218713099174,35.23888962424999,35.485645667649806,164101200,1.536809646842069
2019-01-09,36.37540817260742,36.66487424188444,35.502267230819925,35.89612775325254,180396400,1.5590116613057947
2019-01-10,36.49166488647461,36.53199984154206,35.79409933557466,36.183217066092084,143122800,1.470036557773557
2019-01-11,36.133392333984375,36.467939696000656,35.948324350827995,36.27338262516767,108092800,1.393433181788343
2019-01-14,35.59004592895508,35.89137599820077,35.40497797975705,35.7917243040485,129756800,1.300899412256595
2019-01-15,36.31845474243164,36.394378285844226,35.601907520616955,35.654106540640925,114843600,1.2742913207981716
2019-01-16,36.76214599609375,36.98517753374155,36.30184748144305,36.320829274052095,122278800,1.1449809673848688
2019-01-17,36.98043441772461,37.40751573779752,36.363538775351834,36.58657033252364,119284800,1.0992227270282082
2019-01-18,37.20820999145508,37.45971241403209,37.00890297433515,37.369549802011335,135004000,1.066174714350706
2019-01-22,36.37303924560547,37.18686348386207,36.21169577007339,37.11093991098238,121576000,1.0843083115175223
2019-01-23,36.5201416015625,36.80960767396495,35.9934084941028,36.57471200591153,92522400,1.0643099835669818
2019-01-24,36.23067092895508,36.65300590810053,36.00289663164888,36.565218274806185,101766000,0.8409405081462518
2019-01-25,37.43124008178711,37.51903133240946,36.61504465459194,36.890271619149736,134142000,0.8251795319388775
2019-01-28,37.0848388671875,37.09195658871479,36.45845402993215,36.96383036040819,104768400,0.8450075084050889
2019-01-29,36.700462341308594,37.519036488429236,36.565222017267494,37.07297331497307,166348800,0.8472116699295172
2019-01-30,39.2083625793457,39.42190138123713,38.01728150422006,38.73382869033698,244439200,0.9585568148483757
2019-01-31,39.49072265625,40.098125636928835,39.04465950838577,39.41242410665209,162958400,0.981097216460923
2019-02-01,39.50970458984375,40.09337942283648,39.36971429863973,39.61410265633867,130672400,0.993977544214504
2019-02-04,40.63196563720703,40.72924595668123,39.690015545649196,39.72086140802062,125982000,1.0290580451152296
2019-02-05,41.3271598815918,41.54070233089087,40.89296450420444,41.013969357855885,144406400,1.0365154977434219
2019-02-06,41.341407775878906,41.65697335385666,41.011606755653766,41.43868450470518,112958400,1.0338038224508783
2019-02-07,40.55842590332031,41.27022697955856,40.416064239909666,40.90483373299473,126966800,1.0253300062739896
2019-02-08,40.606082916259766,40.665654071185585,40.13189521411374,40.26771919259328,95280000,1.029221496328587
2019-02-11,40.372554779052734,40.796704677929405,40.329665299757814,40.75857827237781,83973600,0.9914018646707231
2019-02-12,40.7204475402832,40.746658986823185,40.43688833751438,40.532204341266045,89134000,0.9598236523784591
2019-02-13,40.551273345947266,41.099328678315466,40.489320656037144,40.83959932500604,89960800,0.9569592770803642
2019-02-14,40.699012756347656,40.80862164255103,40.36064904112932,40.43928339998026,87342800,0.8969315769351732
2019-02-15,40.608455657958984,40.91345961424227,40.44880543364929,40.80623228578758,98507200,0.8606364432736032
2019-02-19,40.7299919128418,40.85151940666658,40.38686508422347,40.43928799608219,75891200,0.8256964326508438
2019-02-20,40.99209213256836,41.299481247841676,40.74427779259907,40.791933976908496,104457600,0.6719857394416542
2019-02-21,40.760963439941406,41.07311568683924,40.57986845134195,40.93729535437326,68998800,0.6319701042240986
2019-02-22,41.216087341308594,41.223235588397145,40.837215701877646,40.884871894446135,75652800,0.613299177385455
2019-02-25,41.516319274902344,41.90710582108216,41.44959988672047,41.49964124582385,87493600,0.5755475425951754
2019-02-26,41.54015350341797,41.77128984933254,41.263742503117236,41.39241821936573,68280800,0.5468911606331369
2019-02-27,41.66881561279297,41.69979376594638,41.15888685160674,41.27326604666543,111341600,0.539429754642905
2019-02-28,41.25896453857422,41.67834763454405,41.20416011523574,41.53776063575114,112861600,0.5072043248814104
2019-03-01,41.692657470703125,41.735546954193026,41.19702505785762,41.52824051212283,103544800,0.5075445419716645
2019-03-04,41.90235137939453,42.35509069759693,41.45437513566205,41.86422496802693,109744800,0.538521412240471
2019-03-05,41.82609176635742,41.93808580910875,41.590188724744905,41.923789316150554,78949600,0.5366494748542847
2019-03-06,41.58542251586914,41.81655883042522,41.44721703446925,41.621163745570044,83241600,0.5201399541121313
2019-03-07,41.10409164428711,41.56636432916655,40.98971605951243,41.43054036805001,99185600,0.5306923723217741
2019-03-08,41.20178985595703,41.2399162634684,40.38923852105088,40.584633632595896,95997600,0.5582654838806701
2019-03-11,42.629119873046875,42.68154278377652,41.78321232504616,41.8165720286073,128044000,0.6307725271218401
2019-03-12,43.108070373535156,43.527449985065225,42.74111003200352,42.89123050226052,129870400,0.6542611540517308
2019-03-13,43.2986946105957,43.677566237487994,43.11044774766869,43.42736668986569,124130000,0.6597074846556988
2019-03-14,43.78001403808594,43.86818178331635,43.501221584746304,43.820521970355806,94318000,0.667365700674621
2019-03-15,44.349525451660156,44.63785139707803,43.7824106162076,44.04690664893718,156171600,0.6792813349045156
2019-03-18,44.80227279663086,44.89043693766361,44.2708955054987,44.27328067856524,104879200,0.6872809124723445
2019-03-19,44.44721603393555,45.033397616371296,44.30186231557087,44.88089565250784,126585600,0.7008972257909717
2019-03-20,44.83562088012695,45.1525397614325,44.01830299972137,44.375729817383224,124140800,0.7480436002483154
2019-03-21,46.4869384765625,46.782412668747526,45.228796167797555,45.278837530094265,204136800,0.8486343068401132
2019-03-22,45.524269104003906,47.106478547794836,45.45993125023579,46.546508338197334,169630800,0.9019080022418393
2019-03-25,44.973838806152344,45.74587861908732,44.46390988385612,45.63388456100003,175381200,0.9686274058752221
2019-03-26,44.50917434692383,45.96033017793337,43.98256747013785,45.66962270436676,199202000,1.082833689868604
2019-03-27,44.90949630737305,45.216881824139065,44.45199033761694,44.97621570071659,119393600,1.0949183348804195
2019-03-28,44.96905517578125,45.16921330116131,44.68549601352621,45.02385959764961,83121600,1.0687068738245316
2019-03-29,45.26216506958008,45.29314323520392,44.926182866218966,45.23357207727188,94256000,0.9892216910506362
2019-04-01,45.569549560546875,45.67439173346239,44.88805543895594,45.66486194899173,111448000,0.9812221326569295
2019-04-02,46.23197937011719,46.33682517645646,45.52427381326158,45.533803597504026,91062800,0.9985832397456466
2019-04-03,46.54889678955078,46.822922617672326,46.024667775160154,46.048497688881305,93087200,1.0149237875878983
2019-04-04,46.62991714477539,46.79194893860823,46.02229064603285,46.41545880854789,76457200,1.0086252828438471
2019-04-05,46.94206619262695,46.96589610699699,46.687099925418465,46.81100893546065,74106400,0.9883708207050397
2019-04-08,47.68074417114258,47.71171869297622,46.7847918560636,46.803855058079535,103526800,1.002327358998768
2019-04-09,47.537784576416016,48.33603955625865,47.4734467070478,47.73317972192877,143072800,0.9829242223916052
2019-04-10,47.80466079711914,47.833257424849805,47.223245724372106,47.34238803810109,86781200,0.8874399303813999
2019-04-11,47.40672302246094,47.89520720622881,47.285199178784595,47.85946596865772,83603200,0.8134014110874835
2019-04-12,47.38766860961914,47.690291142297916,46.75383418483477,47.466302982800336,111042800,0.788721998389765
2019-04-15,47.47343826293945,47.62117718246721,47.18273076972158,47.31855473245824,70146400,0.6787708344576296
2019-04-16,47.47820281982422,47.983364968636586,47.3137858769923,47.52824418170382,102785600,0.6719628062520699
2019-04-17,48.40274429321289,48.46231543377523,47.32569705378426,47.54729995142792,115627200,0.7185985985632038
2019-04-18,48.57669448852539,48.64579541672132,48.25739402484164,48.400362590881734,96783200,0.7201301001985415
2019-04-22,48.73634719848633,48.83404475360525,48.214503361460345,48.33126412020742,77758000,0.7082161786012878
2019-04-23,49.439273834228516,49.503611676128884,48.586214770717746,48.712505282193725,93292000,0.7157051459024493
2019-04-24,49.363033294677734,49.67756704213216,49.33682184606203,49.410689482360645,70162400,0.6830258854423035
2019-04-25,48.915069580078125,49.50601445679401,48.87694316585517,49.284411491501174,74172800,0.6729839567539797
2019-04-26,48.68154525756836,48.848343752952516,48.162082930875414,48.82451383821142,74596400,0.7027702201097732
2019-04-29,48.75540542602539,49.07947258276034,48.57669200067746,48.70536406711703,88818800,0.6724740590505058
2019-04-30,47.816566467285156,48.467082355820594,47.444843102407766,48.38606647084663,186139600,0.7044718786509898
2019-05-01,50.16367721557617,51.30505889994742,49.8562880319381,50.01117521030859,259309200,0.9100776452356014
2019-05-02,49.83723068237305,50.671226917030545,49.594182969003235,50.00164766466942,127985200,0.9434373538486795
2019-05-03,50.45676803588867,50.47821277895846,50.09457439721513,50.25184311826302,83569600,0.9223320066431272
2019-05-06,49.67756652832031,49.76334911963592,48.490910378399384,48.6791535903768,129772400,1.031432809839103
2019-05-07,48.33841323852539,49.42499041337888,47.854695800035216,49.05803373574075,155054800,1.113810783884875
2019-05-08,48.34793472290039,48.929349618462254,48.07390893920655,48.10965016805922,105358000,1.093726662403785
2019-05-09,47.8284912109375,48.057242419549205,46.861056195160906,47.75223838411033,139634400,1.1721893149651994
2019-05-10,47.165897369384766,47.56536833430933,46.11101823277178,47.22330722271242,164834800,1.2506129996809723
2019-05-13,44.42463684082031,45.32403587911326,43.73812763352999,44.90065057528068,229722400,1.4299253447126605
2019-05-14,45.127891540527344,45.37666024246978,44.35048432829495,44.58968654744338,146118800,1.4788846817201393
2019-05-15,45.668487548828125,45.86702583004832,44.496398127096036,44.55619868228515,106178800,1.5318529968639563
2019-05-16,45.46756362915039,46.03925685450639,45.170951528362195,45.42689968507999,132125600,1.5400900452169195
2019-05-17,45.20920181274414,45.663684392157606,44.6733877365425,44.7140516599692,131516400,1.574912621897793
2019-05-20,43.7955207824707,44.096917827532124,43.1233633247308,43.89837960497211,154449200,1.6302894907832008
2019-05-21,44.635135650634766,44.97001729820006,44.18064924329761,44.30503541950881,113459200,1.4650040681451364
2019-05-22,43.72138977050781,44.422254305979834,43.66637427145734,44.17109119736444,118994400,1.4572695989415732
2019-05-23,42.97507858276367,43.18557408801563,42.53255294513371,43.00856675291308,146118800,1.496402079569337
2019-05-24,42.81003189086914,43.5683026724578,42.72630963377967,43.10424967017532,94858800,1.4161260353685396
2019-05-28,42.63300323486328,43.19752052189283,42.55646043574068,42.79805332195135,111792800,1.3317109895019001
2019-05-29,42.42969512939453,42.900923841188686,42.099594865311815,42.200059369611644,113924800,1.3278458678319833
2019-05-30,42.64976119995117,42.87221753680418,42.259860370916826,42.5660389538605,84873600,1.2653800562711166
2019-05-31,41.877140045166016,42.575610183606656,41.858003426997364,42.15461188376971,108174400,1.1992575416131228
2019-06-03,41.4537467956543,42.558859919788816,40.72896433762629,42.00391264942133,161584400,1.085123673492248
2019-06-04,42.97029113769531,43.01574014822659,41.74557681150609,41.96564243887218,123872000,1.1233963476634952
2019-06-05,43.66397476196289,44.25002316291043,43.32909308993842,44.08018796856743,119093600,1.1169037992536974
2019-06-06,44.3050422668457,44.36484283100569,43.57068958699141,43.79314958363369,90105200,1.1116072219587032
2019-06-07,45.48429870605469,45.90768763912735,44.4365955097193,44.613602808905426,122737600,1.1553464160063136
2019-06-10,46.06555938720703,46.732931908705964,45.835923672858236,45.88137267413092,104883600,1.095546038480452
2019-06-11,46.598976135253906,46.8836273136479,46.309543541210125,46.61093697424961,107731600,1.0700868535312742
2019-06-12,46.45068359375,46.87646328917654,46.259321071663166,46.393273742142995,73012800,1.0449711991266994
2019-06-13,46.44111251831055,47.072606273434246,46.30955420885947,46.57267447769808,86698400,1.0145580019267477
2019-06-14,46.10383987426758,46.30715958311369,45.52018583958195,45.8191886319466,75046000,1.02019611907321
2019-06-17,46.37892150878906,46.63486965392285,45.967493369838486,46.142109980575825,58676400,1.0220758474969398
2019-06-18,47.469688415527344,47.90981970395543,46.694675418498946,46.89560444365913,106204000,1.0741879345890466
2019-06-19,47.33094787597656,47.811746732774715,47.19699520042928,47.76390336299069,84496800,1.074358960764624
2019-06-20,47.71127700805664,47.986358104546575,47.36921593118183,47.92894825704651,86056000,1.0646198504514959
2019-06-21,47.54861831665039,48.04376867773491,47.397919745896615,47.553403383165076,191202400,0.9800450897140506
2019-06-24,47.500770568847656,47.87871046099822,47.402696796530876,47.49120043743662,72881600,0.9024751119922685
2019-06-25,46.780784606933594,47.663437821269206,46.713804620677834,47.46489952077428,84281200,0.8788966245191437
2019-06-26,47.79261016845703,48.07726142928263,47.206565387311976,47.30702989408513,104270000,0.9147768801144837
2019-06-27,47.778255462646484,48.215995988213024,47.73759152091885,47.90981377120324,83598800,0.8344739583296642
2019-06-28,47.34291458129883,47.72085461978885,47.13480976672624,47.52470699920637,124442400,0.7912462792774474
2019-07-01,48.211212158203125,48.91446732715429,47.99592795243673,48.59871861867151,109012000,0.845066623521347
2019-07-02,48.49346160888672,48.589144680081205,48.16575575864351,48.17771659878482,67740800,0.8312271023730838
2019-07-03,48.895320892333984,48.90249666609173,48.48389283052297,48.62502124767299,45448000,0.8066236574440825
2019-07-05,48.852256774902344,49.05558007362374,48.53411745981146,48.64176135321417,69062000,0.7780905099500595
2019-07-08,47.8452262878418,48.1753228503153,47.460110590009364,48.03419442469582,101354400,0.8298597885792464
2019-07-09,48.137054443359375,48.20163641262728,47.555791170395594,47.64907988705199,82312000,0.7666417205124836
2019-07-10,48.61305618286133,48.732657268342905,48.213588995345106,48.28295966888828,71588400,0.7652739557009188
2019-07-11,48.259056091308594,48.89054991349479,48.24948960685378,48.63221103397268,80767200,0.7642489612774186
2019-07-12,48.629817962646484,48.79725880699689,48.36669402871252,48.426494590976,70380800,0.7565599458381327
2019-07-15,49.086692810058594,49.2445635130071,48.79725649643611,48.81878382184684,67789600,0.7664693662590807
2019-07-16,48.9168586730957,49.301974430162524,48.677656430195476,48.938385998971945,67467200,0.7432325662144861
2019-07-17,48.64176940917969,49.05797890617675,48.62263279495951,48.80921022118632,56430000,0.6817232297050724
2019-07-18,49.194332122802734,49.246956906066245,48.725494140074105,48.797255539973115,74162400,0.6907791603902425
2019-07-19,48.45998001098633,49.39526162771868,48.40496451880691,49.22542643455206,83717200,0.7155542613182087
2019-07-22,49.56748962402344,49.5698803325022,48.70396937143094,48.7135358552826,89111600,0.682579088151095
2019-07-23,49.95499038696289,49.97173629421098,49.5842262186613,49.86409602597792,73420800,0.6812117844903699
2019-07-24,49.914329528808594,50.029145578681785,49.5555261792605,49.67512729577653,59966400,0.6851414676226933
2019-07-25,49.5196533203125,50.05068263415217,49.45028262034111,49.966960382445144,55638400,0.6907798533368918
2019-07-26,49.69187545776367,50.167885587126946,49.54835265146059,49.62968053839526,70475600,0.6376431449027109
2019-07-29,50.15591812133789,50.385553851109734,49.859309714055385,49.864094780283324,86693600,0.6410597985537377
2019-07-30,49.940643310546875,50.27074356929918,49.5890157262072,49.935858243770845,135742800,0.647211585561484
2019-07-31,50.95964813232422,52.952203406591565,50.54343853369576,51.76815294335434,277125600,0.8165329990903183
2019-08-01,49.85691833496094,52.15326117014312,49.452669637980264,51.165354806371035,216071600,0.9709893431242155
2019-08-02,48.80204391479492,49.378518561545334,48.23035068507519,49.163237997191345,163448400,1.0432623502331535
2019-08-05,46.247352600097656,47.51751570162563,46.065560241571106,47.359645023139706,209572000,1.1941313268943514
2019-08-06,47.12283706665039,47.37878519253508,46.414796893585645,46.957786951818015,143299200,1.2438517898386496
2019-08-07,47.61081314086914,47.73519932999547,46.36218078247986,46.74251147526255,133457600,1.2986968648835817
2019-08-08,48.660911560058594,48.68483324483393,47.69453608408315,47.888289320978814,108038000,1.3046770788159405
2019-08-09,48.25992965698242,48.684923651503915,47.85173786990309,48.33436350922728,98478800,1.2849117545362942
2019-08-12,48.1374626159668,48.514438725738295,47.818114477569125,47.93096696496544,89927600,1.3057744386778392
2019-08-13,50.176002502441406,50.93715403198438,48.137458527792965,48.267120536421295,188874000,1.4719227318757053
2019-08-14,48.68251419067383,49.56852452960049,48.644095544305394,48.780960598066514,146189600,1.5384589421846309
2019-08-15,48.44001007080078,49.256386268391125,47.94297838198592,48.85300141700887,108909600,1.5859714864411139
2019-08-16,49.58292770385742,49.741401862998586,48.94423148463047,49.049880924057916,110481600,1.6293795863590954
2019-08-19,50.50735855102539,51.078820332819284,50.430521259871156,50.57218589365761,97654400,1.6875342139212302
2019-08-20,50.509761810302734,51.2276951856261,50.50015898015101,50.634620585098965,107537200,1.5243896503091159
2019-08-21,51.057220458984375,51.299731333447795,50.80750654514709,51.14126080341854,86141600,1.3879166496649877
2019-08-22,51.01399230957031,51.48941113488219,50.603400826025755,51.18927233994728,89014800,1.3350196967343224
2019-08-23,48.65610122680664,50.91554700309597,48.2623192659155,50.28645358396467,187272000,1.3361046517651078
2019-08-26,49.58053207397461,49.748609076351144,49.23717136701609,49.42926093993379,104174400,1.3333243129870422
2019-08-27,49.02107620239258,50.075163637483826,48.869805058122104,49.909486415436,103493200,1.3213486009760504
2019-08-28,49.35001754760742,49.395639227523624,48.819374246211396,49.006660548328036,63755200,1.2857946636437245
2019-08-29,50.18560791015625,50.26004541127674,49.621349155907794,50.06315259687426,83962000,1.2912833837914743
2019-08-30,50.12078094482422,50.5313687808023,49.751007883111264,50.46173818969739,84573600,1.297286001614465
2019-09-03,49.390838623046875,49.69818045135938,49.03547532102372,49.56611865080238,80092000,1.1748295815865428
2019-09-04,50.22882843017578,50.29845901885149,49.779821963278366,50.03673886776175,76752400,1.130237684277157
2019-09-05,51.21088790893555,51.3765651308316,50.7858902958723,50.90354603728645,95654800,1.1184040281522007
2019-09-06,51.206092834472656,51.48462259504806,51.026009506070324,51.39578265878708,77449200,1.0582055493507672
2019-09-09,51.424591064453125,51.96964425782235,50.680248893016675,51.58546505309072,109237600,1.0434557447681827
2019-09-10,52.03207015991211,52.051279485915714,50.83391821884729,51.35015557390354,127111600,1.0784432491677067
2019-09-11,53.68642807006836,53.71524388706847,52.27937718938957,52.36101772978543,177158400,1.142243549454228
2019-09-12,53.566383361816406,54.36595374868243,53.51115883577232,53.97697494678176,128906800,1.1400138783152047
2019-09-13,52.524295806884766,53.014120770564304,52.10890468762575,52.82443464006696,159053200,1.0475714233534792
2019-09-16,52.800418853759766,52.855647033642335,52.23855987155783,52.27937831072937,84632400,1.013612802820622
2019-09-17,52.99250793457031,53.02132375192014,52.61313203639829,52.81482810263167,73274800,0.9566723125463454
2019-09-18,53.489540100097656,53.50874942392138,52.68996985697935,53.07894858894895,101360000,0.973994782948474
2019-09-19,53.05493927001953,53.72724727960935,52.91327096589523,53.307052941713785,88242400,0.967133957951674
2019-09-20,52.27937698364258,53.43911377467882,52.216949430695024,53.15578449922015,221652400,0.9986913469725854
2019-09-23,52.51708984375,52.78601305088982,52.26016925822585,52.57231436011538,76662000,0.9587297876056903
2019-09-24,52.26737976074219,53.42231716904428,52.1497276727192,53.07175336927151,124763200,0.9847990090714376
2019-09-25,53.07175827026367,53.184610784898084,52.13772620032262,52.47628374422586,87613600,0.9775952864942694
2019-09-26,52.79802322387695,53.050140581036125,52.54350607497872,52.82443558822323,75334000,0.9825695083733562
2019-09-27,52.54111099243164,53.05494858356497,52.17133785844145,52.95409870061891,101408000,0.9535848912532023
2019-09-30,53.777671813964844,53.92413970007018,53.01411677472275,53.040529136604164,103909600,0.9654182798653531
2019-10-01,53.92654037475586,54.798144667313224,53.832897210879736,54.04179631783716,139223200,0.9180825031647833
2019-10-02,52.57472610473633,53.68403817289297,52.32740831027184,53.55917937969037,138449200,0.9712494425629197
2019-10-03,53.021324157714844,53.054939558377036,51.65509168829448,52.44745522730388,114426000,0.9671329565551982
2019-10-04,54.50760269165039,54.62285862206544,53.75845746297006,54.17865175845741,138478800,1.0374506210027765
2019-10-07,54.519622802734375,55.20874044968746,54.22668698362583,54.32993665616627,122306000,1.078440746041332
2019-10-08,53.880916595458984,54.75972389234403,53.86411072762326,54.22187750074084,111820000,1.0839288601683847
2019-10-09,54.51240921020508,54.69489228194408,54.17865501059328,54.51240921020508,74770400,1.0839288153663114
2019-10-10,55.247154235839844,55.33119457436902,54.57724597451074,54.728513454537506,113013600,1.0551160310934644
2019-10-11,56.71662521362305,57.05998221097819,55.7801900444844,55.933860949560014,166795600,1.1470434726987773
2019-10-14,56.6349983215332,57.17765169810714,56.34686576310509,56.40209028471779,96427600,1.115486075461418
2019-10-15,56.50293731689453,57.06239287164702,56.39728786256741,56.759854250095415,87360000,1.0882161057831428
2019-10-16,56.27482986450195,56.48372898515924,55.99390035444989,56.03471879637498,73903200,1.086843589151692
2019-10-17,56.49333953857422,56.70223502398383,56.070745319870674,56.44771784318485,67585200,1.0688349447938086
2019-10-18,56.764652252197266,57.04558173135252,56.25561435236558,56.32764839764216,97433600,1.0264734213186943
2019-10-21,57.749114990234375,57.864370947488375,56.983163716549996,57.03118520017032,87247200,1.0321338386003178
2019-10-22,57.6170539855957,58.1549004377134,57.535413437281406,57.905186536916496,82293600,0.9621591911680305
2019-10-23,58.39021301269531,58.40462275566765,57.91959732879052,58.13089626006461,75828800,0.9184249697387017
2019-10-24,58.48625946044922,58.77919528194411,58.06126180732885,58.70956101444865,69275200,0.8553106133290349
2019-10-25,59.20659255981445,59.24260775751769,58.318182266358356,58.38541307794069,73477200,0.8511943294074423
2019-10-28,59.799659729003906,59.84768120784419,59.24020052419486,59.408277532037836,96572800,0.8330140067866546
2019-10-29,58.41661834716797,59.9677374114046,58.24374175415912,59.780451077157984,142839600,0.8980154332695395
2019-10-30,58.40941619873047,58.89924482176762,57.91719144782321,58.76958279527963,124522000,0.9096774339681443
2019-10-31,59.73003387451172,59.82848030145837,56.968756318935924,59.36506765293137,139162000,0.9844557202098656
2019-11-01,61.42522430419922,61.45163300835245,59.82608347432118,59.917323202335595,151125200,1.0480852344126288
2019-11-04,61.82859420776367,61.912634539198656,61.31955996379076,61.78777210588694,103272000,1.042940203436078
2019-11-05,61.739749908447266,61.99426701235729,61.54526056164069,61.72053692271421,79897600,1.0386523097412181
2019-11-06,61.766170501708984,61.82619827037496,61.317163964504836,61.65331800351261,75864400,1.0299054955810014
2019-11-07,62.479034423828125,62.70060306371024,62.16113446862657,62.31285978131859,94940400,1.0402244372248812
2019-11-08,62.65001678466797,62.722263418043795,61.85767774048204,62.30080757426929,69986400,1.0234292216727847
2019-11-11,63.14613723754883,63.211159215108815,62.20207280445758,62.206886797370636,81821200,1.051257750974159
2019-11-12,63.08835220336914,63.28824689037083,62.83789220102913,62.98961019587345,87388800,1.0271710309219984
2019-11-13,63.69282150268555,63.767478813815906,62.87399440184441,62.88844372983046,102734400,1.0397103835903003
2019-11-14,63.25212097167969,63.79158230802526,63.12206963180727,63.51944096794074,89182800,1.0215023253802045
2019-11-15,64.00348663330078,64.0083006253325,63.34119892343502,63.50255217696832,100206400,1.029723111496138
2019-11-18,64.32623291015625,64.4057042415667,63.635046200532344,64.01314687975272,86703200,0.9616275674810575
2019-11-19,64.13109588623047,64.54291616656873,63.91434875708414,64.51883151897412,76167200,0.9363785700196416
2019-11-20,63.38454055786133,64.08054084151502,62.71261758156306,63.95049692321631,106234400,0.8334324501728533
2019-11-21,63.10038375854492,63.58204767524024,62.90048911733583,63.50497968466305,121395200,0.759143837605973
2019-11-22,63.044979095458984,63.38214231017823,62.81859650494602,63.240052360746795,65325200,0.757034639736281
2019-11-25,64.15042877197266,64.16728877853546,63.22322395595506,63.26898263113381,84020400,0.8051277277619866
2019-11-26,63.649471282958984,64.34065772923968,63.21838008089831,64.2876744119495,105207600,0.8489308236527903
2019-11-27,64.50444030761719,64.538160314546,63.89513565756925,63.96015765000588,65235600,0.845663428623202
2019-11-29,64.36234283447266,64.54296680875088,64.0372182108502,64.20580352668654,46617600,0.8200322086474107
2019-12-02,63.6181640625,64.60316578278984,63.44717544860708,64.3671478434843,94487200,0.83052534604252
2019-12-03,62.483856201171875,62.50311952452636,61.72282631052434,62.20930423351439,114430400,0.9337384219449457
2019-12-04,63.03534698486328,63.41345487874028,62.78006572711878,62.873993707598274,67181600,0.9363180123447253
2019-12-05,63.960147857666016,64.03481252591874,63.273782660423635,63.52906394668115,74424400,0.9598860741188301
2019-12-06,65.19560241699219,65.26544572676671,64.37436474563619,64.41772007388622,106075600,0.9991088037936794
2019-12-09,64.28286743164062,65.21728922547906,63.79879285948436,65.02462660501106,128042400,1.045382969862276
2019-12-10,64.65858459472656,65.04150663179412,64.02759851675567,64.6874832617339,90420400,1.072907305973266
2019-12-11,65.2100601196289,65.28953877362453,64.66337427533851,64.73803158690569,78756800,1.01665558270402
2019-12-12,65.37622833251953,65.64114490385342,64.37918804536231,64.48996866624496,137310400,1.0581126041744982
2019-12-13,66.26488494873047,66.30100825788557,65.24857420340442,65.3762147954892,133587600,1.0930331934065656
2019-12-16,67.39923095703125,67.62321027270899,66.70564106368182,66.71045505717711,128186000,1.109891453470997
2019-12-17,67.53168487548828,67.85921278461262,67.14394163202556,67.32938692874545,114158400,1.0808195609171176
2019-12-18,67.37030792236328,67.89050566637485,67.22099333233885,67.38475724722979,116028400,1.0651640825206161
2019-12-19,67.4377670288086,67.71713300190731,67.18008240112675,67.31253704760239,98369200,1.0673999398691794
2019-12-20,67.2980728149414,68.07114122602003,67.08613954782287,67.96999593464518,275978000,1.0551864644416362
2019-12-23,68.39625549316406,68.45646346454889,67.52203457271943,67.56056855635842,98572000,1.002547385701052
2019-12-24,68.46131896972656,68.61064100297523,68.13620160678971,68.56247165681626,48478800,0.9700360084594172
2019-12-26,69.81958770751953,69.83644770700805,68.56485537418061,68.59375403067095,93121200,0.9968690939041335
2019-12-27,69.79309844970703,70.79737094783557,69.38850252439819,70.11099839799601,146266000,1.0042669906424682
2019-12-30,70.20732879638672,70.48910541724575,68.69009042144484,69.7112155576161,144114400,1.031446892771483
2019-12-31,70.72028350830078,70.72750817106555,69.72564661991683,69.82438857743935,100805600,1.030586423922217
2020-01-02,72.33386993408203,72.39407791515757,71.09117632272992,71.34404690340438,135480400,1.1050750116335613
2020-01-03,71.63064575195312,72.38926493117573,71.40667380039741,71.56321309934685,146322800,1.0851203167969337
2020-01-06,72.20140838623047,72.23994237629597,70.50354624985978,70.75401351048198,118387200,1.1339747505080078
2020-01-07,71.8618392944336,72.4663224088167,71.64268136784916,72.211041164577,108872000,1.0957830160072228
2020-01-08,73.0178451538086,73.31888511458335,71.56562867701548,71.56562867701548,132079200,1.1699248220772804
2020-01-09,74.5688247680664,74.76148745775973,73.7427726453308,73.99323267201001,170108400,1.2466483913569328
2020-01-10,74.73738098144531,75.3009342510977,74.23645372460896,74.80241031619431,140644800,1.2843219574789455
2020-01-13,76.33407592773438,76.36057125816924,74.9348431957367,75.05285582286368,121532000,1.3299068573737145
2020-01-14,75.30333709716797,76.48100893453174,75.18051779267843,76.27148630079421,161954400,1.340056892534131
2020-01-15,74.9806137084961,75.98247543934815,74.54952248725758,75.10344034713454,121923600,1.4085221465273494
2020-01-16,75.91986846923828,76.03065646802948,75.16124922768141,75.52249718552835,108829200,1.385301719545342
2020-01-17,76.7603759765625,76.76277929851412,75.86207008807327,76.16792404225187,137816400,1.3490046329027325
2020-01-21,76.24017333984375,76.8302072165908,76.10289736234121,76.38948797518701,110843200,1.2724542656490658
2020-01-22,76.5123291015625,77.06382908812623,76.41840109404252,76.72425508723063,101832400,1.2597252797300484
2020-01-23,76.88078308105469,76.96025438766408,76.01860061750638,76.56529382668359,104472000,1.207429519965828
2020-01-24,76.65921020507812,77.86818383448923,76.46895092458591,77.12642473209515,146537600,1.2371896470461852
2020-01-27,74.405029296875,75.08416976822737,73.42484155700832,74.67234921705278,161940000,1.344187684305729
2020-01-28,76.50990295410156,76.68089158109271,75.18532722614749,75.28406920782065,162234000,1.4479177731093134
2020-01-29,78.11143493652344,78.95675744540253,77.39857441186852,78.13793027321145,216229200,1.497460491233106
2020-01-30,77.99824523925781,78.05122856412287,76.76518678742532,77.19627805111793,126743200,1.4690751944578904
2020-01-31,74.53987121582031,77.71162269093732,74.24605605312745,77.29016693664212,199588400,1.6610543844322925
2020-02-03,74.335205078125,75.49842038984059,72.78424642943136,73.28517374937778,173788400,1.7389817904098135
2020-02-04,76.78924560546875,76.97950484657014,75.53210291102174,75.93669870128832,136616400,1.834968120880658
2020-02-05,77.41545104980469,78.21260439944355,76.81337103650588,77.91396771511286,118826800,1.8342828238723885
2020-02-06,78.32095336914062,78.3233640404218,77.12883967256218,77.68516086755363,105425600,1.8446029387528335
2020-02-07,77.2563705444336,78.06989925267796,76.76632167871378,77.82125391424971,117684000,1.8913116873232616
2020-02-10,77.623291015625,77.623291015625,75.7644885208781,75.8441484328751,109348800,1.9721325902159268
2020-02-11,77.15496826171875,78.19059132825674,76.93770658748598,78.11817322586252,94323200,2.0027918039650907
2020-02-12,78.98722839355469,78.9920538114317,77.60398368209574,77.60398368209574,113730400,2.0667512167904656
2020-02-13,78.42475891113281,78.7506551305069,78.05782821966719,78.26060628866534,94747600,2.033191735646479
2020-02-14,78.44405364990234,78.69269890753361,77.93710493391231,78.39335362136931,80113600,1.8561364017573
2020-02-18,77.0077133178711,77.1887659353896,75.94794846047884,76.12900107799734,152531200,1.8718680378434283
2020-02-19,78.12299346923828,78.3523297233802,77.24911404532844,77.24911404532844,93984000,1.7931367460011518
2020-02-20,77.32152557373047,78.37163210197758,76.81699322453267,77.88399976313329,100566000,1.8080217980259232
2020-02-21,75.57138061523438,77.3577728316972,74.9558044913532,76.91600019658557,129554000,1.7115774518983256
2020-02-24,71.9817123413086,73.43013371315247,69.82115488187272,71.75962518984169,222195200,1.9284382928234993
2020-02-25,69.54351806640625,73.03180163978591,69.07278565467855,72.65038734565039,230673600,2.022346594013658
2020-02-26,70.646728515625,71.90927139616765,69.16209855410392,69.16934036398257,198054800,2.1169047403057246
2020-02-27,66.0286636352539,69.0413810989832,65.89347830358477,67.85850576335429,320605600,2.3710994434614827
2020-02-28,65.99006652832031,67.20915879544067,61.88862284247871,62.10347552395671,426510000,2.640092605071134
2020-03-02,72.13377380371094,72.76866613954134,67.04257525684778,68.14337454443714,341397200,2.991506684819286
2020-03-03,69.84286499023438,73.3866667341741,68.99311992366323,73.30700681770827,319475600,3.2158396898007218
2020-03-04,73.08247375488281,73.24180090646557,70.76259027435336,71.561635057031,219178400,3.327400430266311
2020-03-05,70.71192932128906,72.31242862903635,70.3474076125405,71.33957264179317,187572800,3.4563765708702263
2020-03-06,69.7728500366211,70.20496434412061,67.88990577178768,68.07578380592835,226176800,3.603978683433089
2020-03-09,64.25437927246094,67.1319051551366,63.48912685930832,63.670179502443226,286744800,3.87452282542518
2020-03-10,68.882080078125,69.14762542571471,65.0268655374001,66.90257561810807,285290000,4.127996378835514
2020-03-11,66.4897689819336,67.88749740945617,65.62795665733853,66.96292517997638,255598800,4.2493881319313385
2020-03-12,59.923583984375,65.1789387030404,59.868062216126,61.7848064103127,418474000,4.550798019464453
2020-03-13,67.10293579101562,67.57367559511492,61.06301877546382,63.94538103600016,370732000,4.686502724991471
2020-03-16,58.470340728759766,62.54281272853614,57.93683739697829,58.40757346412376,322423600,5.058437182772184
2020-03-17,61.041282653808594,62.187945473114404,57.550586794967394,59.749772593000145,324056000,5.193450456778132
2020-03-18,59.5469970703125,60.350871115595204,57.24159305699179,57.88131450093201,300233600,5.125338984262173
2020-03-19,59.09074020385742,61.036451553451855,58.56689512385312,59.72080339842934,271857200,4.921697589736228
2020-03-20,55.33934020996094,60.79264444451166,55.03999854094989,59.67011594836406,401693200,4.848415182046281
2020-03-23,54.1637077331543,55.16070547027294,51.32480360482342,55.05931643178171,336752800,4.821343024519614
2020-03-24,59.59768295288086,59.793219151580274,56.56082720982569,57.0581177110919,287531200,4.980669846104955
2020-03-25,59.26939010620117,62.34245572079971,58.974877532799404,60.53192941719469,303602000,5.0258492779376684
2020-03-26,62.38833999633789,62.44627449640192,59.47218439243485,59.510809848161664,252087200,5.051196480844766
2020-03-27,59.80531311035156,61.76792134587147,59.638744081772344,61.0147434951052,204216800,4.798758819219965
2020-03-30,61.51202392578125,61.683422027854625,60.206030134757754,60.529513617295876,167976400,4.583391873809199
2020-03-31,61.386497497558594,63.366005560924876,60.833685075362965,61.70273919270683,197002000,4.53183452129316
2020-04-01,58.15652084350586,60.04188167908633,57.726822887688364,59.50596558883749,176218400,4.320260795869062
2020-04-02,59.126953125,59.18006218576405,57.1884834576866,58.01891202578832,165934000,3.9160813042503144
2020-04-03,58.277217864990234,59.31283722451452,57.68819275537644,58.6127685713981,129880000,3.377406023900367
2020-04-06,63.361175537109375,63.51566994282337,60.201204676104986,60.568135335844495,201820400,3.4203412667350905
2020-04-07,62.627315521240234,65.58934152567265,62.52351377225885,65.37207245676143,202887200,3.367922563634876
2020-04-08,64.23023223876953,64.54405384793799,63.06184016051964,63.42635444288139,168895200,3.328435556284806
2020-04-09,64.69371032714844,65.19583364514321,63.899498254908295,64.86511208653789,161834800,3.010127662475745
2020-04-13,65.96353149414062,66.07216605732911,64.17231360053658,64.77099716065541,131022800,2.8590787947368175
2020-04-14,69.29486846923828,69.58455560243435,67.12223707141726,67.59297682109842,194994800,2.7156154154416567
2020-04-15,68.66240692138672,69.12107217268907,67.74507641878203,68.17235803124424,131154400,2.5857735484742235
2020-04-16,69.2079849243164,69.57250664535655,68.16029439249986,69.3745539645896,157125200,2.459725538663934
2020-04-17,68.2688980102539,69.27072829912615,66.83496081662895,68.72515410233876,215250000,2.4373092220876234
2020-04-20,66.85189056396484,67.99855755048588,66.83258151937916,67.09812692651032,130015200,2.4057526201856008
2020-04-21,64.78546905517578,66.92913374203486,64.07574203406564,66.69497200558625,180991600,2.42868627892898
2020-04-22,66.6515121459961,67.0860355273564,65.71003990834832,66.05041238241853,116862400,2.331607126236865
2020-04-23,66.39320373535156,68.01543553598502,66.35457829164004,66.59598178954948,124814400,2.3079841631131175
2020-04-24,68.30995178222656,68.31960998543786,66.86877252729914,66.91705617630512,126161200,2.3295385760379905
2020-04-27,68.35823059082031,68.68895219864656,67.58091104598891,68.02750161594408,117087600,2.0345092242397413
2020-04-28,67.25019836425781,69.00037411858965,67.15847120269908,68.81932145434843,112004800,1.9470860215595107
2020-04-29,69.45903778076172,69.92736120107678,68.53204914375017,68.73482721743544,137280800,2.00140205799674
2020-04-30,70.92434692382812,71.10057413486881,69.60870223992275,69.99735834734561,183064000,2.0260592697018955
2020-05-01,69.78252410888672,72.1796595284793,69.00520440389795,69.10176434791705,240616800,2.1171023174010974
2020-05-04,70.76985168457031,70.89779524622708,69.11865261133845,69.80665406694762,133568000,1.985539355015019
2020-05-05,71.83202362060547,72.66245223551824,71.08367131021836,71.2285148811078,147751200,2.010025676478711
2020-05-06,72.57312774658203,73.2031872790944,72.14825527383692,72.53208591439893,142333600,2.0070936340238705
2020-05-07,73.32386779785156,73.6690802655837,72.89658642360124,73.1983406795245,115215200,1.9113925652027615
2020-05-08,75.06915283203125,75.12240567761269,73.65554057031774,73.9823190597041,133838400,1.9372655215517887
2020-05-11,76.25038146972656,76.74417245398942,74.36959376483475,74.57776663572473,145946400,1.9030645916364637
2020-05-12,75.37897491455078,77.3832066763356,75.25794640867731,76.93297679324957,162301200,1.8905427198848688
2020-05-13,74.46881866455078,76.47789576756719,73.39408522317618,75.55807493186354,200622400,1.9921822413167283
2020-05-14,74.92631530761719,74.98682954910396,72.98743664654351,73.70876906438306,158929200,1.9973955736363098
2020-05-15,74.48335266113281,74.52934407916516,72.66792527667609,72.70181680027588,166348400,2.0795633506565565
2020-05-18,76.2382583618164,76.611028150083,75.11511790410643,75.80498172029709,135178400,2.099975677303672
2020-05-19,75.79772186279297,77.09998213452099,75.76625327530091,76.25520568719914,101729600,2.00401610747518
2020-05-20,77.27185821533203,77.34204942619355,76.6158784313997,76.65460843756124,111504800,1.9970726224247153
2020-05-21,76.69577026367188,77.67368271832201,76.45855171857032,77.13389289033314,102688800,1.8571208992225965
2020-05-22,77.18956756591797,77.27186606725144,76.3326836366315,76.43434344951643,81803200,1.7971237417748327
2020-05-26,76.6667251586914,78.48456841631166,76.61104938291827,78.30544857938091,125522000,1.7957607762352228
2020-05-27,77.0007553100586,77.14599099987917,75.78563172544763,76.52391007078806,112945200,1.7949890345168384
2020-05-28,77.03462982177734,78.29090607267398,76.4004417495467,76.67638285095582,133560800,1.8517398776686673
2020-05-29,76.9595947265625,77.73659554294788,76.60377068012559,77.27668877080987,153532400,1.8041889478873219
2020-06-01,77.90605163574219,78.0270801430567,76.78290354210658,76.91361639836452,80791200,1.723445941586996
2020-06-02,78.26669311523438,78.2909002875674,77.19922108217762,77.63976650286615,87642800,1.6496187228535308
2020-06-03,78.69757843017578,78.95900415271024,78.01497584988421,78.58623426753769,104491200,1.4967771341703175
2020-06-04,78.01980590820312,78.81859097042819,77.6470360985682,78.5208656190316,87560400,1.4376458462631427
2020-06-05,80.24188232421875,80.30239656428226,78.24007392223491,78.26911957554665,137250400,1.439374462344431
2020-06-08,80.7163314819336,80.75022301034842,79.23010522661079,79.93933051935436,95654400,1.3959774834006768
2020-06-09,83.26516723632812,83.65729831044091,80.3653297249553,80.39679831013578,147712400,1.5358517495625006
2020-06-10,85.40737915039062,85.87454732273147,83.77349462695621,84.21161714524366,166651600,1.6119269297769836
2020-06-11,81.30695343017578,84.97653882509627,81.20529361612985,84.5529390302518,201662400,1.8252808250990609
2020-06-12,82.0089111328125,84.18742419889422,80.90029328946143,83.44189186655679,200146000,1.9929914307285503
2020-06-15,83.02313995361328,83.67427396780367,80.50332533638101,80.66550679987964,138808800,2.085664973444927
2020-06-16,85.22341918945312,85.49452921505798,83.44188334314991,85.07334504214955,165428800,2.1650242582315804
2020-06-17,85.10479736328125,86.02703369979835,84.9837688951085,85.96651946571197,114406400,2.104510006914622
2020-06-18,85.13870239257812,85.55504068464955,84.53113702208627,85.06124238777585,96820400,2.096729921181836
2020-06-19,84.65217590332031,86.3078449275457,83.54597361995395,85.84309961565448,264476000,2.2051366859419526
2020-06-22,86.86698150634766,87.00979422869749,84.99830144840965,85.04429286253834,135445200,2.295560908798195
2020-06-23,88.72115325927734,90.13718820813904,87.68998805980996,88.10874933547481,212155600,2.4617165087242916
2020-06-24,87.15503692626953,89.26819705246864,86.78226710315806,88.35079901624333,192623200,2.5556004428279047
2020-06-25,88.31205749511719,88.35078749388231,86.55230611311778,87.30994555491553,137522400,2.521021208876861
2020-06-26,85.59860229492188,88.42824869367755,85.4509437109353,88.20797597788908,205256800,2.6251060088057616
2020-06-29,87.57136535644531,87.66577111516035,85.02976731524565,85.50661981464565,130646000,2.578251381264983
2020-06-30,88.3023910522461,88.58802392767775,87.14052040168764,87.15988171149978,140223200,2.495260198378323
2020-07-01,88.13536834716797,88.9220535759505,88.08696138066959,88.37984827441205,110737200,2.2547606741654755
2020-07-02,88.13536834716797,89.67485466688348,88.02160865174983,89.04066652590694,114041600,2.1380546102869653
2020-07-06,90.49299621582031,90.96016437699369,89.5296068531223,89.56107543992535,118655600,2.1133294244586125
2020-07-07,90.21222686767578,91.64762315168353,90.10088271239697,90.87062222466152,112424400,2.047283080018746
2020-07-08,92.31327056884766,92.34473915860562,91.10056271828748,91.18770707353977,117092000,2.1250864718930305
2020-07-09,92.71026611328125,93.25730998199144,91.6645779630297,93.20405713951583,125642800,2.1657170687786342
2020-07-10,92.87242126464844,92.93051996359854,91.69602787555728,92.30600881208682,90257200,2.056618553096457
2020-07-13,92.4439926147461,96.7792345052281,92.23098126624099,94.1746987408597,191649200,2.213092475497167
2020-07-14,93.97379302978516,94.16501274371473,90.89482765300735,91.82674120591236,170989200,2.2130909318483094
2020-07-15,94.62005615234375,96.09418202713559,93.42429428051739,95.84486367498508,153198000,2.22623077451314
2020-07-16,93.45577239990234,94.31023318785083,92.85789140298706,93.49450240060445,110577600,2.2236367294125796
2020-07-17,93.26697540283203,94.06092201052024,92.79496133182224,93.90600938284572,92186800,2.1013978505522775
2020-07-20,95.23247528076172,95.37044953138843,93.01039399095433,93.35411815070974,90318000,2.0816872605893773
2020-07-21,93.9181137084961,96.09662665534265,93.66879530005893,96.02158957813295,103433200,2.151710676967492
2020-07-22,94.18196105957031,94.86214066616996,93.53325004616464,93.62038702393836,89001600,2.1869819930192356
2020-07-23,89.89512634277344,93.99314942038049,89.08665688068213,93.91568941051719,197004400,2.432843290430274
2020-07-24,89.67243957519531,90.01616378626149,86.31268703007238,88.0966534330444,185438800,2.49560619945623
2020-07-27,91.79768371582031,91.88966654711753,90.50994623863684,90.7326345162056,121214000,2.543498094644491
2020-07-28,90.28968811035156,91.5459645894224,90.28484224245163,91.36926031193099,103625600,2.4992358933901224
2020-07-29,92.02037048339844,92.20433612820618,90.73504867705178,90.77135574195019,90329200,2.5222298933110423
2020-07-30,93.13384246826172,93.23792519284922,90.78830982976133,91.19496376791191,158130000,2.6090244129572295
2020-07-31,102.88392639160156,103.03400057454317,97.62160131671524,99.61615635027891,374336800,2.9913033320496822
2020-08-03,105.476318359375,108.09053052398437,104.46452205826068,104.76224738585148,308151200,3.129618977883642
2020-08-04,106.18070220947266,107.26995848073891,104.94378735797679,105.66511972582127,173071600,3.1050677904653505
2020-08-05,106.56559753417969,106.88511455690511,105.43761099297775,105.90236369757778,121776800,3.0825919915061126
2020-08-06,110.28357696533203,110.77737527223312,106.30900549573542,106.89720218347466,202428800,3.3113354984918044
2020-08-07,107.77619934082031,110.26175680038186,106.98082124977309,109.80586800423681,198045600,3.378671225286436
2020-08-10,109.34271240234375,110.35876045671141,106.69710821737102,109.21903838608283,212403600,3.466801288433341
2020-08-11,106.09087371826172,109.10506522291367,105.83140397675015,108.60795666047292,187902400,3.622688274546789
2020-08-12,109.61673736572266,109.8737798216829,106.98568204543375,107.17967383850515,165598000,3.5289455548705746
2020-08-13,111.55665588378906,112.55815472074357,110.50665541102485,110.99406946976315,210082000,3.4745127405014182
2020-08-14,111.45723724365234,111.5469586132698,109.65065854076958,111.38206488530741,165565200,3.4522820527226514
2020-08-17,111.16625213623047,112.60181637912858,110.54062239475888,112.57756555807367,119561600,3.491450089222724
2020-08-18,112.09260559082031,112.51696915984992,110.58429592374254,110.91893809365604,105633600,3.4927376048122065
2020-08-19,112.23322296142578,113.64453639963617,112.13865437861999,112.49996719549999,145538000,3.4286172795070615
2020-08-20,114.7236328125,114.83760501028006,112.25747159683876,112.27444791147464,126907200,2.907490418262263
2020-08-21,120.6356201171875,121.11817961837231,115.6693525872738,115.6814742972318,338054800,2.992343466368656
2020-08-24,122.07844543457031,124.91804835697145,120.21609797723066,124.83316679017967,345937600,3.162041984724276
2020-08-25,121.07696533203125,121.42130925505194,119.35768781992573,120.95329871627834,211495600,3.252988702632649
2020-08-26,122.72348022460938,123.17936898693925,121.32671591454528,122.39126546065715,163022400,3.0839911225190995
2020-08-27,121.25640869140625,123.65709200762272,120.11425938434616,123.32487721481381,155552400,3.1011394730703583
2020-08-28,121.05998992919922,122.64589153107447,120.83689273182479,122.22880256231407,187630000,2.968807084492451
2020-08-31,125.16539764404297,127.06655257654671,122.21668415759454,123.74924435405829,225702700,3.1470395289034436
2020-09-01,130.1510772705078,130.75247109042868,126.61067882372832,128.77371625173845,151948100,3.2759086248294813
2020-09-02,127.45453643798828,133.8369650688364,123.18665813924054,133.4586759232684,200119000,3.8265435944419783
2020-09-03,117.25041198730469,124.97140134269283,116.8818246649217,123.09935930505591,257599600,4.445594625159629
2020-09-04,117.32801055908203,119.98573625952378,107.56037630423063,116.46473461185484,332607200,5.185892194511304
2020-09-08,109.43241882324219,115.41715402612338,109.29662311428591,110.52848630276392,231366600,5.621514637989072
2020-09-09,113.79730987548828,115.56266164657546,111.79916649731042,113.73911382379356,176940500,5.948536924740316
2020-09-10,110.08232116699219,116.88183937183103,109.12204920606632,116.74604363595516,182274400,6.31678036166249
2020-09-11,108.63704681396484,111.77006490232608,106.69709954942977,111.12987875287997,180860300,6.2223816864499195
2020-09-14,111.89616394042969,112.44904864015743,109.41303369608222,111.27538137934282,140150100,6.158813932625047
2020-09-15,112.07074737548828,115.26196131479541,110.19869808587379,114.77697452888815,184642000,6.326135762216265
2020-09-16,108.76314544677734,112.51694623083202,108.6758513682307,111.77006975767836,154679000,6.4503279913372165
2020-09-17,107.0268783569336,108.83102975873638,105.44582412860575,106.42549948987329,178011000,6.4390689203982205
2020-09-18,103.63198852539062,107.5506832359034,102.90450823656477,107.08509999522968,287104900,6.641724363261718
2020-09-21,106.77471160888672,106.88140931284494,100.00429161371379,101.40105617439414,195713800,6.70390686696055
2020-09-22,108.45272827148438,109.4712033465495,105.8823045683097,109.29660783083291,183055400,6.561180104950127
2020-09-23,103.9035873413086,108.74375412227577,103.56409061974239,108.26846907252015,150718700,6.17041986015995
2020-09-24,104.9705581665039,106.93960365288808,101.84724157417912,102.01213533208141,167743300,5.778966310562977
2020-09-25,108.90863800048828,109.0638373334494,104.43705897382922,105.17424100477153,149981400,5.221924768014907
2020-09-28,111.5081787109375,111.85736984450415,109.39363569114487,111.55668035738763,137672400,4.858877939387746
2020-09-29,110.66429138183594,111.84766043177646,110.15990833447874,111.11048577797068,99382200,4.5415571732423485
2020-09-30,112.3326416015625,113.73910777869786,110.2084044241761,110.37329816208843,142675200,4.239479543867852
2020-10-01,113.28323364257812,114.18530951408272,112.35205974301084,114.1077098390407,116120400,4.009458298126702
2020-10-02,109.62641143798828,111.90585528542881,108.85043700934379,109.50031753591523,144712000,4.05380078434397
2020-10-05,113.00194549560547,113.14744304282974,110.14052580154997,110.48971695476313,106243800,3.943641382623958
2020-10-06,109.76221466064453,112.63333559022071,108.87953514429641,112.22594105943094,161498200,3.9637353461030815
2020-10-07,111.62456512451172,112.08045390652613,110.70308575226879,111.1783781507114,96849000,3.887523461513865
2020-10-08,111.51786041259766,112.90492288741173,111.14926572678705,112.75942537460811,83477200,3.681057901605725
2020-10-09,113.45782470703125,113.48692273393875,111.46937566481606,111.81856678833006,100506900,3.333945713747979
2020-10-12,120.66471862792969,121.42129686008033,115.69845107798898,116.45502931013961,240226800,3.6464152405200707
2020-10-13,117.46379852294922,121.62498605023444,116.05733979847938,121.50858655705257,262330500,3.674128294035905
2020-10-14,117.55110168457031,119.33584953717633,116.02824344500344,117.36680433445795,150712000,3.5466457235690427
2020-10-15,117.08554077148438,117.56082587869557,114.60241012120682,115.15529491131747,112559200,3.427476966273941
2020-10-16,115.44627380371094,117.90031363584822,115.24258020189322,117.63841657614508,115393800,3.4066913655553077
2020-10-19,112.49755096435547,116.80422908289772,112.1871596819352,116.35804207693808,120639300,3.6159283158170794
2020-10-20,113.98160552978516,115.40746797741103,112.15805033404632,112.71093501778782,124423700,3.5958364793058615
2020-10-21,113.36083984375,115.14558807058964,112.95344522648205,113.16684064497652,89946000,3.6200846887049596
2020-10-22,112.2744369506836,114.49567723930029,111.14926409518415,113.92338900408984,101988000,3.54248586805366
2020-10-23,111.58575439453125,113.05041647874276,110.84857244879218,112.89521716371952,82572600,3.448258184132883
2020-10-26,111.5954818725586,113.05044248419397,109.49063323015535,110.58670829378724,111850700,3.4080723914707085
2020-10-27,113.09893798828125,113.7585204355671,111.10079442752371,112.02226653167769,92276800,3.432321445910837
2020-10-28,107.86106872558594,111.96406058991157,107.76407283902445,111.59547326085323,143937800,3.68797915938456
2020-10-29,111.85736083984375,113.41901900582575,108.83104039265947,108.99594153712782,146129200,3.940865103035782
2020-10-30,105.59130859375,108.62732277738229,104.48553947126106,107.72524718795079,190272600,3.898604332716754
2020-11-02,105.50403594970703,107.356689266343,104.09757704674024,105.83383085542181,122866900,3.7337090447058747
2020-11-03,107.12389373779297,108.14236164402186,105.46523966166725,106.36731546450528,107624400,3.6886744654331403
2020-11-04,111.49847412109375,112.119256698551,108.97654397513469,110.71279779031768,138235500,3.8341706942380887
2020-11-05,115.45597076416016,116.0282591074031,113.3608313760952,114.40839736997158,126387100,3.967888662263399
2020-11-06,115.32478332519531,115.8203179514325,112.837361996159,114.96527127109147,114457900,3.8511662732856116
2020-11-09,113.0219955444336,118.53123307425452,112.75965407719045,117.08348090470506,154515300,4.031320655692709
2020-11-10,112.68192291259766,114.25598657554706,110.8940882741732,112.27383288243148,138023400,4.114874616926014
2020-11-11,116.10211944580078,116.2381494579348,113.1385999950758,113.86733537997074,112295000,4.129861288441799
2020-11-12,115.83003234863281,117.11260602974937,115.20817889191434,116.22841115754073,103162300,4.10861722471926
2020-11-13,115.87860870361328,116.27698006864752,114.52802013673282,116.05350543811248,81581900,3.9792708445675515
2020-11-16,116.8891372680664,117.55956865833653,114.80009473182567,115.54825966136949,91183000,3.9865385530295137
2020-11-17,116.00495910644531,117.2486663416219,115.58715051215194,116.16042621738232,74271000,3.7241564587590252
2020-11-18,114.68350982666016,116.42275908285534,114.65436159878705,115.24706694247119,76322100,3.4534741161753453
2020-11-19,115.2762222290039,115.68431227037438,113.49810608907285,114.25598971249795,74113000,3.083073031369548
2020-11-20,114.01306915283203,115.40252482669361,113.96449124482857,115.27621337018954,73604300,2.9529959858168544
2020-11-23,110.62200927734375,114.28512261237464,110.52484606012634,113.85759556092404,127959300,3.0303641693806895
2020-11-24,111.90460205078125,112.56532241854126,109.39775058959653,110.68033196208322,113874200,2.899807659965454
2020-11-25,112.74018859863281,113.439775552587,111.90457167175171,112.27380223804838,76499200,2.685909009574449
2020-11-27,113.28433227539062,114.158816151439,112.92482759135008,113.26490259506915,46691300,2.5741712665410694
2020-11-30,115.67457580566406,117.54013622605181,113.49808123546687,113.65354831037159,169410200,2.4659016203694355
2020-12-01,119.24053955078125,119.9692749139944,116.60737666127397,117.57902381222483,127728200,2.5325302494377553
2020-12-02,119.59032440185547,119.87210294466338,117.4624149241799,118.56037345602128,89004200,2.4506346405196373
2020-12-03,119.45429229736328,120.27047227200518,118.74498667961886,120.0178419599632,78967600,2.423567387273301
2020-12-04,118.78384399414062,119.37654924842553,118.07453843287111,119.12391895649799,78260400,2.3971955253145487
2020-12-07,120.24131774902344,121.03806800243322,118.78384723085345,118.84214367939516,86712000,2.3611062454418152
2020-12-08,120.85344696044922,121.43644107050238,119.6000214847598,120.84373582820557,82225500,2.37359937088986
2020-12-09,118.32719421386719,122.37896123763355,117.56931058790569,120.99922399995596,115089200,2.5908317398655436
2020-12-10,119.74578857421875,120.35793100204793,116.74340254220034,117.08347755039478,81312200,2.692854759761691
2020-12-11,118.9393310546875,119.27940607418536,117.13206676469383,118.95876073591047,86939800,2.776832490308825
2020-12-14,118.32719421386719,119.85268001340195,118.0940009627436,119.12394461719592,79184500,2.6338612401952566
2020-12-15,124.25424194335938,124.27367903878984,120.6105649235341,120.81460994707473,157243700,2.832355025622251
2020-12-16,124.18621826171875,124.73033828648967,122.97165933994127,123.79756533721344,98208600,2.848317530316045
2020-12-17,125.05099487304688,125.90604917528667,124.40970414636703,125.245321352785,94359800,2.86983205608474
2020-12-18,123.0688247680664,125.43964605507787,122.5441344465272,125.30361605465058,192541500,2.772668317362561
2020-12-21,124.59429931640625,124.67203286094654,119.94982751976666,121.47531311924551,121251600,2.8032044768518145
2020-12-22,128.14080810546875,130.599073771845,125.9740246713456,127.8784592702847,168904800,3.0599963650629056
2020-12-23,127.24688720703125,128.6751945398209,127.07198305177502,128.41286054616967,88223700,3.065548214752874
2020-12-24,128.22824096679688,129.6760001670091,127.38291291879534,127.59667642019997,54930100,3.1405024358589944
2020-12-28,132.814453125,133.44601785068772,129.72460743607215,130.1910087492954,124486200,3.3521847841160124
2020-12-29,131.04605102539062,134.8549062093824,130.53107920371312,134.13589678161503,121047300,3.529856742682204
2020-12-30,129.9286651611328,132.13430846309575,129.61773093964035,131.73592955161843,96452100,3.366065805091314
2020-12-31,128.92784118652344,130.9197204767935,127.98534242224186,130.27842990655225,99116600,3.3174836332844597
2021-01-04,125.74085998535156,129.82177500940742,123.16599358092327,129.73433032505793,143301900,3.6062021774958333
2021-01-05,127.29549407958984,128.00480720900393,124.7886425294723,125.23560676408721,97664900,3.710308293843925
2021-01-06,123.010498046875,127.33433126965235,122.79673453932533,124.09874526118351,155088000,3.6096734299442375
2021-01-07,127.20801544189453,127.89789129191489,124.23477818150717,124.72060165088172,109578200,3.8331530226936295
2021-01-08,128.3059844970703,128.86954151504634,126.53757990692247,128.67520026141898,105158200,3.8768766437333397
2021-01-11,125.32301330566406,126.4792754915705,124.85662694388971,125.5270656786526,100384500,3.916437068349763
2021-01-12,125.14816284179688,126.01292826031991,123.26316489383075,124.85666571536174,91951100,3.7755483558718543
2021-01-13,127.17890167236328,127.72302173327904,124.8469543181073,125.1092883878033,88636800,3.5520692815670674
2021-01-14,125.2550277709961,127.28576659581172,125.10927181431389,127.09144014639318,90221800,3.5930180882422076
2021-01-15,123.53520965576172,126.52788445335536,123.39917965706009,125.12871028033413,111598500,3.6429889336934513
2021-01-19,124.20568084716797,125.06073524795735,123.34091531042843,124.1570955150937,90757300,3.393134866096171
2021-01-20,128.28656005859375,128.73352422939956,124.90523244341398,125.0121142129877,104319500,3.407707464422051
2021-01-21,132.9893341064453,135.7099489572785,129.80233279797613,130.00638521290585,120150900,3.7581939912241475
2021-01-22,135.126953125,135.88483658611096,131.19177987621222,132.41604973812463,114459400,3.883813895177513
2021-01-25,138.8677978515625,140.97627022018892,132.6686847833474,139.01355380816258,157611700,4.001799895774468
2021-01-26,139.10101318359375,140.20869037046396,137.3617564370404,139.52854031294,98390600,3.975426271052462
2021-01-27,138.03216552734375,140.208660067174,136.42895396495652,139.3633171255217,140843800,3.921291226187495
2021-01-28,133.20310974121094,137.9641898687069,132.82416793009364,135.56422012291074,142621100,3.944191537059654
2021-01-29,128.21853637695312,132.86300755142042,126.51815423658083,131.97880528014946,177523800,4.255119672524386
2021-02-01,130.33673095703125,131.54157860190338,127.21773749244758,129.9577892114423,106239800,4.3175827836869
2021-02-02,131.16261291503906,132.44517904055598,130.7933823696511,131.88162209144176,83305400,4.27177454918944
2021-02-03,130.14239501953125,131.92051071941538,129.82174974648763,131.91078476116337,89880900,4.216252660457727
2021-02-04,133.49459838867188,133.5043095225396,130.7739834636992,132.43550657690793,84183100,4.3009254977084765
2021-02-05,133.0810089111328,133.72325779067754,132.20522578325316,133.65514858435046,75693800,4.185877441360556
2021-02-08,133.22695922851562,133.27561713779653,131.29048728628555,132.37062753976116,71297200,4.204828149502132
2021-02-09,132.3511962890625,134.17090160726997,132.19551172596402,132.94478730279516,76774200,4.022510042293156
2021-02-10,131.74786376953125,133.3048279995829,130.7844904817518,132.80853804149436,73046600,3.672292086517896
2021-02-11,131.494873046875,132.72097244544923,130.17145780866096,132.24414858851415,64280000,3.519181938438577
2021-02-12,131.72840881347656,131.88410821935858,130.0936095966532,130.73585850968206,60145100,3.053675737428852
2021-02-16,129.60708618164062,132.35121823326722,129.21783758857316,131.8452173347529,80576300,3.0741362168053175
2021-02-17,127.32027435302734,128.6631557746567,125.98713342468182,127.71924852152779,97918500,3.062725263572555
2021-02-18,126.22065734863281,126.50284947960014,123.98252704202405,125.72436743621753,96856700,2.929135957412068
2021-02-19,126.3763427734375,127.19375709134722,125.33513472608534,126.73639944443335,87668800,2.5843978760286226
2021-02-22,122.6104736328125,126.23040308983671,122.22123254914695,124.56639727156255,103916400,2.572345669945391
2021-02-23,122.47425079345703,123.30138352656303,115.20519947854247,120.43074421044315,158273000,3.0000410959808073
2021-02-24,121.97797393798828,122.18232386351377,118.94190941685854,121.5790071569596,111039900,3.102439696243003
2021-02-25,117.7352523803711,123.05810538980377,117.29736077604736,121.32599026278942,148199500,3.2737847041535804
2021-02-26,117.99798583984375,121.49140765726709,117.93959485190196,119.29220185674814,164560400,3.4336506519729815
2021-03-01,124.35232543945312,124.48855870917815,119.48683030882653,120.42100448300808,116307900,3.7554680103889404
2021-03-02,121.75413513183594,125.25728963208243,121.64709366058169,124.95563135354156,102260900,3.872239873974283
2021-03-03,118.77648162841797,122.32829506323422,118.5623986243893,121.4525043304613,112966300,3.961208368332412
2021-03-04,116.89839172363281,120.27504677444026,115.4290174341431,118.47481493176636,178155000,4.125245132868761
2021-03-05,118.15369415283203,118.65970985611862,114.40726400079701,117.72553558561702,153766600,4.3010985066270635
2021-03-08,113.22982025146484,117.74499981575629,113.08385389082869,117.67688317068041,154376600,4.439417050720584
2021-03-09,117.83256530761719,118.77647261328785,115.59444185391254,115.8279835568737,129525800,4.577038451068026
2021-03-10,116.75244140625,118.88352353506721,116.23669261108125,118.4164400921035,111943300,4.527687280566788
2021-03-11,118.67916107177734,119.89553490297892,117.99799469596714,119.24356031125248,103026500,4.61943521852872
2021-03-12,117.77416229248047,117.9103955487277,115.95447204511132,117.16111263936789,88105100,4.5172622758412535
2021-03-15,120.65452575683594,120.66425882421423,117.18056311829856,118.143936336561,92403800,4.187798822833761
2021-03-16,122.19203186035156,123.7976465733389,121.36489925795071,122.31853204805573,115227900,4.159997354255508
2021-03-17,121.40383911132812,122.47424657756945,119.04893377660937,120.71293967926185,111932600,3.9931807961986263
2021-03-18,117.2876205444336,119.86633436304555,117.08327064661763,119.57440169521924,121229700,4.033496023899661
2021-03-19,116.76214599609375,118.16341092060107,116.4604876842397,116.67457065039011,185549500,3.691521050115874
2021-03-22,120.07069396972656,120.5377847911862,117.024896545298,117.0930131834112,111912300,3.7033383946581386
2021-03-23,119.24354553222656,120.89781076796868,118.8543044696532,120.01229458916613,95467100,3.5803105274774643
2021-03-24,116.85945892333984,119.59387224546333,116.84000020937296,119.51602254128295,88530500,3.4308707200341226
2021-03-25,117.34600830078125,118.38723138862223,115.79878440882977,116.32425877519718,98844700,3.3120136574963257
2021-03-26,117.94931030273438,118.21205114883705,115.72091305317379,117.11244470074551,94071200,3.1278206456148916
2021-03-29,118.12449645996094,119.28248673827066,117.48225492917581,118.3775042989523,80819200,2.8602191775628802
2021-03-30,116.6745834350586,117.16113298447573,115.66255948137214,116.87893335491496,85671900,2.8470124671773687
2021-03-31,118.8640365600586,120.19717735139929,117.89093762370798,118.37748709188328,118323800,2.874119640006781
2021-04-01,119.69116973876953,120.83942678607517,119.19488720011346,120.33341860340158,75089100,2.8205982971032486
2021-04-05,122.51316833496094,122.7661761594041,119.75929632134557,120.53777850848313,88651200,2.7914062052974558
2021-04-06,122.8148193359375,123.71006860087718,122.26988629191437,123.09701892635115,80171300,2.669767740473159
2021-04-07,124.45935821533203,124.4788169278638,121.77360301243874,122.44504366920103,83466700,2.618332105792087
2021-04-08,126.85317993164062,126.88237171232534,125.06268142419076,125.4811068462127,88844600,2.4827924652408595
2021-04-09,129.42214965820312,129.46106707973098,125.98711183634272,126.30823624511144,106686700,2.609294751457066
2021-04-12,127.70954895019531,129.2762393125197,127.11595782289686,128.95511478316322,91420000,2.5043342543294815
2021-04-13,130.81370544433594,131.03752892907758,128.380957683949,128.87724772998885,91266500,2.5960823743699666
2021-04-14,128.47825622558594,131.36836136344672,128.11821435701262,131.3099778007929,87222800,2.631530586537376
2021-04-15,130.88185119628906,131.36840082898902,130.04498523411246,130.220150823009,89347100,2.653080416795279
2021-04-16,130.5509796142578,131.04725481288563,129.69464764958488,130.68721289515452,84922400,2.5717567787693847
2021-04-19,131.21267700195312,131.82573417670255,129.75302837507442,129.91845343765638,94264200,2.591219206807476
2021-04-20,129.52920532226562,131.88410306298763,128.26417368348118,131.38782793049364,94812300,2.6739329497301663
2021-04-21,129.90872192382812,130.15199668398512,127.76790700410929,128.7993896114448,68847100,2.5926112185541044
2021-04-22,128.3907012939453,130.54124205126504,127.87495994409139,129.46110142550572,84566500,2.6419606386367533
2021-04-23,130.70669555664062,131.48516306112936,128.6047976585629,128.6047976585629,78657500,2.6433503062474304
2021-04-26,131.09593200683594,131.42678218788413,129.96713331445437,131.20297351815344,66905100,2.644740775137927
2021-04-27,130.7747802734375,131.76734545845767,130.5023137282654,131.37809693084532,66015800,2.5418706190498708
2021-04-28,129.98655700683594,131.38782184344353,129.50000754125335,130.69691506905932,107760100,2.503642105135362
2021-04-29,129.8892822265625,133.38271977828063,128.88699119854815,132.79885429572334,151101000,2.576625914874235
2021-04-30,127.92362213134766,129.96712145874997,127.5441140528076,128.23500614148355,109839500,2.5849698842053854
2021-05-03,128.97457885742188,130.46343449499585,128.28368664714853,128.48802919169574,75135100,2.5286721974029516
2021-05-04,124.41072082519531,127.9528084470389,123.29165535400072,127.66087574180307,137564700,2.7024419471877406
2021-05-05,124.65397644042969,126.94074997232987,124.52746883053813,125.7243763335603,84000900,2.676719414597131
2021-05-06,126.2498550415039,126.25958068498952,123.71005892640017,124.44961615985031,78128300,2.762213314260603
2021-05-07,126.92245483398438,127.94593245749884,126.2108752190309,127.54629547170842,78973300,2.738095559749161
2021-05-10,123.64727020263672,126.26934761190338,123.6082792363769,126.14263998590019,88071200,2.7162560038992334
2021-05-11,122.73101806640625,123.08192191649415,119.67029018955704,120.38186236478138,126142800,2.830033884842366
2021-05-12,119.67027282714844,121.49306133403097,119.16340517343434,120.28437120843128,112172300,2.8944146552565266
2021-05-13,121.81474304199219,122.96495055227784,121.12267010296466,121.43459040557941,105861300,2.908715795109767
2021-05-14,124.23213958740234,124.66103284772763,122.67253787272075,123.06244016058305,81918000,3.007761575988744
2021-05-17,123.08192443847656,123.72526428981506,122.00969878967952,123.61804098125864,74244600,3.076147937955212
2021-05-18,121.69776916503906,123.78373756646234,121.62953683178752,123.36459396598383,63342900,3.095175540275543
2021-05-19,121.54180908203125,121.76599784022277,119.75801143334377,120.05043995950335,92612000,2.9174796707860082
2021-05-20,124.09566497802734,124.49531683623646,121.94146411990351,122.06818662946591,76857100,2.955372552804782
2021-05-21,122.26313018798828,124.76824225453443,122.04868358173061,124.59278661639331,79295400,2.9682115748873263
2021-05-24,123.89096069335938,124.70975612799803,122.76025239580743,122.82848472896345,63092900,2.7370474632150836
2021-05-25,123.69601440429688,125.08016771850949,123.13065653206684,124.59278434432386,72009500,2.695581894594233
2021-05-26,123.64727020263672,124.17363709199465,123.22812661130169,123.75449350065962,56575900,2.5810096604587764
2021-05-27,122.1169204711914,124.41733561849655,121.92197306010468,123.24763627844212,94625600,2.635317183310486
2021-05-28,121.4638442993164,122.62380153028337,121.405361560534,122.39960530367183,71311100,2.485621781320621
2021-06-01,121.14217376708984,122.18515807859856,120.81076166659518,121.92197831860382,67637100,2.299722952672314
2021-06-02,121.90247344970703,122.07792909380578,120.91797935921073,121.14216813753484,59278900,2.127747012788252
2021-06-03,120.42084503173828,121.69776758173275,120.02119320163122,121.53206155124437,76229200,2.026790050141567
2021-06-04,122.71150970458984,122.97469686847107,120.72301503974921,120.93746163646239,75169300,2.005901623784235
2021-06-07,122.72126007080078,123.13065406520676,121.67827588309044,122.98443979955707,71057600,1.950897151240913
2021-06-08,123.54005432128906,125.21663622404847,123.02343700167279,123.4035896495703,74403800,1.9752668239961184
2021-06-09,123.92021179199219,124.52456067367201,123.32561251203367,123.99819373222839,56877900,1.9174783779075
2021-06-10,122.92595672607422,124.95344236430199,122.7602506959565,123.81297704481983,71186400,1.8631700860603775
2021-06-11,124.13465881347656,124.22239035571975,122.91621888119515,123.33536251537065,53522400,1.7622138576118627
2021-06-14,127.18563842773438,127.24412116871932,123.86173793219395,124.59280194157657,96906500,1.8290536645058353
2021-06-15,126.3668441772461,127.30261260822043,126.12315618593904,126.65927274152149,62746300,1.7740497527800312
2021-06-16,126.86392211914062,127.5852436992797,125.21660431374437,127.07836867341089,91815000,1.8757018174116291
2021-06-17,128.4625701904297,129.20339129093645,126.37660133235921,126.52282306860805,96721700,1.8993752031391549
2021-06-18,127.16614532470703,128.1896229684165,126.95169870686416,127.40983331102534,108953300,1.9202631684117375
2021-06-21,128.95968627929688,129.06690958900398,125.9477063159808,127.01018237446559,79663300,2.0448922299131524
2021-06-22,130.59727478027344,130.69475593415476,128.2968593599112,128.79399242175575,74783600,2.133317004173761
2021-06-23,130.32435607910156,130.92871251033458,129.86622139067492,130.39259586711862,60214200,2.0748320664297495
2021-06-24,130.04165649414062,131.240597184488,129.5737648661965,131.05539194095186,68711000,2.0114735293982275
2021-06-25,129.7492218017578,130.50952706925113,129.45679326652197,130.09039090512184,70783700,1.982927502299145
2021-06-28,131.3770751953125,131.8352098315601,129.98318695524438,130.04166969629122,62111300,1.953685493481616
2021-06-29,132.88792419433594,133.0438880631515,130.9579196567259,131.3965550234282,64556100,2.017044082394993
2021-06-30,133.5020294189453,133.9406648079474,132.43953852296474,132.73196707347742,63261400,1.9676108407262194
2021-07-01,133.80418395996094,133.86266668828733,132.33229922059724,133.15110203776288,52485800,1.9836248402380403
2021-07-02,136.42630004882812,136.4652835854969,134.27209152787285,134.41829838230024,78852600,1.9321045823102259
2021-07-06,138.43429565429688,139.5357553993497,136.53353205806397,136.53353205806397,108181800,2.069961648613097
2021-07-07,140.9198760986328,141.231788943126,139.05809657469072,139.91586805219615,104911600,2.1005940702769386
2021-07-08,139.62347412109375,140.42276298269945,137.11835448019005,138.0053823208354,105575500,2.1702177602673336
2021-07-09,141.44625854492188,141.97261806281588,139.04836216143113,139.1458433075578,99890800,2.2711737901115643
2021-07-12,140.85162353515625,142.62567880479006,140.364247675173,142.5184555206525,76299700,2.20990435129684
2021-07-13,141.96286010742188,143.7369156295679,140.00361422588887,140.39350901995923,100827100,2.305290410542231
2021-07-14,145.3842315673828,145.79364043052715,143.95134516697595,144.3607540301203,127050800,2.50302535364549
2021-07-15,144.73114013671875,146.21276700697837,143.37623575739534,145.47196100861444,106820300,2.586575277309172
2021-07-16,142.6939239501953,145.97883295333372,142.19680585690423,144.71166743629377,93251400,2.781524798287766
2021-07-19,138.85340881347656,140.43251704679776,138.0931035014654,140.12058929133983,121434600,2.9611556853540253
2021-07-20,142.4599609375,143.3859869898834,139.350515378791,139.83789124908492,96350000,3.1359135260669695
2021-07-21,141.72889709472656,142.4404765741107,140.97834896361408,141.8556195804996,74993500,3.1345196467029166
2021-07-22,143.0935821533203,144.4582288663732,142.12857241610413,142.25529492286392,77338200,3.220159954128383
2021-07-23,144.80917358398438,144.9651374939281,143.21058069090384,143.8246792903466,71447400,3.16376393377637
2021-07-26,145.22830200195312,146.04709009069717,143.97086362595675,144.52647939059113,72434100,3.0899618705062863
2021-07-27,143.0643310546875,145.44272791296905,141.87513262554674,145.35498894389306,104818600,3.144969156120086
2021-07-28,141.3195037841797,143.25926511063363,138.9411071473103,141.1537977724019,118931200,3.181871752182983
2021-07-29,141.96286010742188,142.8498878684949,140.92962551695572,141.03684881635502,56699500,3.1101579271940136
2021-07-30,142.1773223876953,142.63545700170118,140.47150644681145,140.73469364228038,70440600,3.1031950289992056
2021-08-02,141.84591674804688,143.2398049839172,141.58272954059322,142.66470486730785,62880000,2.95489317468813
2021-08-03,143.63943481445312,144.30225894055675,141.51446802349406,142.12856645538005,64786600,2.8803939313993743
2021-08-04,143.2397918701172,144.058579914417,142.58670986762564,143.5517196242508,56368300,2.7829181311999696
2021-08-05,143.3470001220703,144.10730535100612,142.47947159810346,143.2690181917266,46397700,2.6290471780909104
2021-08-06,142.6636962890625,143.6106236198985,142.16583326910765,142.8687074712915,54126800,2.4036164568095484
2021-08-09,142.6148223876953,143.2103123656707,142.05838923545102,142.72220631473397,48908700,2.1621410963676078
2021-08-10,142.13653564453125,144.196344465899,141.84366893661831,142.9565505100319,69023100,2.224359921752947
2021-08-11,142.39031982421875,143.22986295766566,142.0681679932176,142.57580253562702,48493500,2.1123858640959066
2021-08-12,145.3482666015625,145.50446416374155,142.37081574173467,142.71249604702388,72282600,2.202535369910127
2021-08-13,145.55323791503906,145.88514647193662,144.74298004086066,145.4263255685366,59375000,2.135816796076952
2021-08-16,147.525146484375,147.59348847149815,142.98576683313595,145.00651784253878,103296000,2.210111535429801
2021-08-17,146.6173095703125,148.07185618392833,145.54347021491796,146.65635150331968,92229700,2.082270678693161
2021-08-18,142.87843322753906,147.134719463398,142.67342208980006,146.23660593235846,86326000,2.2637731802687875
2021-08-19,143.2103729248047,144.47945217305653,141.06270837166667,141.5800998127829,86960300,2.353258412161653
2021-08-20,144.66490173339844,144.9675251601663,143.28843882859866,143.9327425154178,60549600,2.360406754450056
2021-08-23,146.14874267578125,146.6173203855108,144.3720292286724,144.78203658666285,60131800,2.321656771576891
2021-08-24,146.06089782714844,147.27140659304087,145.60207679709836,145.89494350289067,48606400,2.335761039373401
2021-08-25,144.83087158203125,146.74425443123712,144.28419502392072,146.24637657624294,58991300,2.395205728974383
2021-08-26,144.03036499023438,145.57278230599707,144.00107981111,144.82110951404735,48597200,2.404270882124113
2021-08-27,145.06515502929688,145.21158091727293,143.33725507209095,143.97178711441077,55802400,2.4558710760499918
2021-08-30,149.47763061523438,149.83883931473636,145.07491826892314,145.45564049048158,90956700,2.6288002729184785
2021-08-31,148.2183380126953,149.16526528048843,147.69117494824357,149.02859613337498,86453100,2.673426037385817
2021-09-01,148.8821258544922,151.293371319359,148.71617155840954,149.1945209265185,80313700,2.6692392434327337
2021-09-02,149.99505615234375,151.03961075732303,148.77479043390352,150.20982411045497,71115500,2.7494288071715585
2021-09-03,150.6295623779297,150.9517142276546,149.44833892893834,150.10239938899159,57808700,2.527689782911135
2021-09-07,152.96275329589844,153.51918672704568,150.71746135701164,151.2836664473968,82278300,2.553492524347251
2021-09-08,151.4202880859375,153.30437064554417,150.31716343749,153.24580029178898,74420200,2.4482003696655528
2021-09-09,150.4050750732422,152.39654212564548,150.2879194378151,151.79129510992104,57305700,2.354763147268447
2021-09-10,145.42637634277344,151.78151431271888,145.1627947987088,151.31293648668662,140893200,2.7020179528861945
2021-09-13,145.99258422851562,147.81809686029018,145.21161123932484,147.04689552955006,102404300,2.727817557466691
2021-09-14,144.5965576171875,147.4763957492906,143.4153491043727,146.7735217186003,109296300,2.898654475250648
2021-09-15,145.48487854003906,145.88512904981255,142.88815094916558,145.0260576914331,83281300,2.9370058104885453
2021-09-16,145.2506561279297,145.4263821295721,143.71801019803328,144.9089906791146,68034100,2.9509462281398817
2021-09-17,142.58554077148438,145.2798957731565,142.2926741544572,145.2798957731565,129868800,3.0304387833911215
2021-09-20,139.539794921875,141.3945924183066,137.90952209387459,140.37933813407227,123478900,3.0234626685461428
2021-09-21,140.01809692382812,141.16027821011605,139.38356500550353,140.50620298279006,75834000,3.0227667783762655
2021-09-22,142.3805389404297,142.94672884294354,140.2816740145179,141.0138330802469,76404300,3.012309536408531
2021-09-23,143.3372802734375,143.58133339351843,142.17558503852095,143.16155428115266,64838200,2.9509472529498146
2021-09-24,143.4251251220703,143.96204492535793,142.09747565204063,142.19510285111807,53477900,2.9767468225641744
2021-09-27,141.91200256347656,142.48797924389808,140.39888514559524,142.00962976919416,74150700,2.9865050816612517
2021-09-28,138.5343017578125,141.30674132874793,138.31953384357482,139.8424227657557,108972300,3.029738046793221
2021-09-29,139.43240356445312,141.0138627120859,138.6514307510702,139.08096654322168,74602000,3.0562336372534378
2021-09-30,138.13406372070312,140.9455603850025,137.91929578685694,140.24268621892764,89056700,2.799629714691686
2021-10-01,139.2566680908203,139.5202495626883,135.80088336468526,138.52450892126643,94639600,2.879121184480092
2021-10-04,135.83018493652344,138.82716398233575,134.98088496397907,138.38785651091933,98322000,2.894459504617475
2021-10-05,137.75335693359375,138.85648190904183,136.044984928838,136.17189733013998,80861100,2.896553709751148
2021-10-06,138.6221466064453,138.76857249312508,135.07849119061893,136.15233067899587,83221100,3.0339260640726025
2021-10-07,139.88150024414062,140.78938572967397,139.32506679466488,139.65697551160287,61732700,2.9753558858246976
2021-10-08,139.50076293945312,140.75031377150447,139.16885425815033,140.6038878520535,58773200,2.7543159455207222
2021-10-11,139.41285705566406,141.36528138783962,138.43664488957629,138.8857090401355,64452200,2.8365961807814943
2021-10-12,138.143798828125,139.84241361250955,137.68497785008697,139.82288519545196,73035900,2.78151074101772
2021-10-13,137.55810546875,138.03644005527403,135.88877555756454,137.8802573777795,78762700,2.842173234986504
2021-10-14,140.34027099609375,140.45742659800283,138.14379338196727,138.7295267040612,69907100,2.9160840818390414
2021-10-15,141.39459228515625,141.45316264244676,140.0962280805495,140.35005282323274,67940300,2.7968479807977684
2021-10-18,143.06394958496094,143.34704466516118,139.75458969636082,140.03768477656104,85589200,2.7968469985762403
2021-10-19,145.22137451171875,145.62162523479623,143.06395310397025,143.5130025382052,76378900,2.8024266196878034
2021-10-20,145.7094268798828,146.1877762179813,144.5965455732881,145.1627504339508,58418800,2.699924194441207
2021-10-21,145.9241943359375,146.08039186170322,144.35249211048287,145.2701339545865,61421000,2.557676591099587
2021-10-22,145.1529998779297,146.60754657748723,145.10418628692474,146.129212114762,58883400,2.3596463885082466
2021-10-25,145.10423278808594,145.81686377851983,144.1084918165859,145.1432747359116,50720600,2.2655088877522127
2021-10-26,145.76803588867188,147.2518679421637,145.46539754636262,145.77779264971988,60893400,2.155334162864471
2021-10-27,145.30918884277344,146.168245431377,144.95775186240334,145.80705169170784,56094900,2.086995194703399
2021-10-28,148.94076538085938,149.52648401063686,146.15855347799373,146.2561806975345,100077900,2.2752691700254917
2021-10-29,146.23660278320312,146.37327190681347,142.92724374395107,143.7179733088264,124953200,2.4956181085001328
2021-11-01,145.4166259765625,146.13901372017423,144.2842158593394,145.44591116098886,74588300,2.4809717628887853
2021-11-02,146.4513702392578,147.96450225059075,145.11394928812004,145.12372094423125,69122000,2.5235095980252322
2021-11-03,147.88644409179688,148.35502194347706,146.25617092597884,146.81260433188254,54511500,2.466333161471332
2021-11-04,147.36900329589844,148.80402155525002,147.05660823548425,147.97425010568048,60394600,2.4942245013190836
2021-11-05,147.89694213867188,148.79636649786093,146.70422366033108,148.49330137784227,65463900,2.387059349085476
2021-11-08,147.07571411132812,148.18044870579655,146.80197694204415,148.02402320404659,55020900,2.3028305000795553
2021-11-09,147.4374542236328,148.0435844748696,146.70422637098488,146.8410949734435,56787900,2.284839604307519
2021-11-10,144.61209106445312,146.77267581374304,144.54366421842147,146.6651351263565,65187100,2.3681174795925903
2021-11-11,144.5631561279297,146.0882672259821,144.37740273975967,145.62879163097531,41000000,2.3829392078540144
2021-11-12,146.63577270507812,147.03659252052734,144.18189439318962,145.11064651980587,63804000,2.4648196482399993
2021-11-15,146.64553833007812,148.48350051743287,146.08827812399716,147.00725921767452,59222800,2.4825044510512817
2021-11-16,147.62322998046875,148.1022776202638,146.00034850775356,146.58693684556133,59256200,2.5461784184467535
2021-11-17,150.05752563476562,151.53375230300938,147.61343285568483,147.6232038564801,88807000,2.5249658669796906
2021-11-18,154.33956909179688,155.12168178008048,149.627365877677,150.2726099643279,137827700,2.4878797430864887
2021-11-19,156.95962524414062,157.41911583313842,153.02952027938457,154.12446895909494,117305600,2.6619660737929274
2021-11-22,157.4191436767578,161.99447854129045,157.3995867561447,158.06437288139423,117467900,2.8179875262700063
2021-11-23,157.80038452148438,158.18166233731603,155.50293170970644,157.5168614506406,96041900,2.859407498420818
2021-11-24,158.31858825683594,158.5141127351861,156.07001946190547,157.15519747194452,69463600,2.909170352243308
2021-11-26,153.3032684326172,156.8618668141861,152.8633347292546,156.00155632601601,76959800,3.1493925443898427
2021-11-29,156.65658569335938,157.5853380225465,155.23899986098183,155.80603121042097,88748200,3.3567923891167646
2021-11-30,161.60340881347656,161.8184901598309,156.34371666317804,156.41215841772612,174048100,3.652179202885918
2021-12-01,161.08526611328125,166.49159798116264,160.85062784337472,163.7346542506034,152052500,3.8484063552128163
2021-12-02,160.0978240966797,160.52798674829987,154.27111613625055,155.19009727061072,136739200,4.212926747413407
2021-12-03,158.22080993652344,161.27104831929452,156.1482237273482,160.35206691181173,118023100,4.374935780599736
2021-12-06,161.62298583984375,164.12573463510114,160.60623481829575,160.61600581977925,107497000,4.625628802395592
2021-12-07,167.35189819335938,167.74296195252498,164.5754126322905,165.29886939857903,120405400,4.912632159550662
2021-12-08,171.16470336914062,172.02502878126478,166.88264814477856,168.2806769394803,116998900,4.999922244490782
2021-12-09,170.6563262939453,172.79735388590385,170.03063915946248,170.9985052389604,108923700,4.805093589064916
2021-12-10,175.43699645996094,175.61297891700764,170.78344865474102,171.29182418696914,115402700,4.845597665444093
2021-12-13,171.80992126464844,178.0570207166816,171.60461094345368,177.06959785970832,153237000,4.946851699449671
2021-12-14,170.4314727783203,173.76521877848376,168.35888695654498,171.33089709564845,139380400,5.141680356187471
2021-12-15,175.2903289794922,175.48585340924998,168.4566405154073,171.19402728468987,131063300,5.469188900513332
2021-12-16,168.40774536132812,177.08916675225177,166.9315188519041,175.27076132354634,150185800,5.805074212853786
2021-12-17,167.31283569335938,169.59073223954843,165.8952646870351,166.12988807604526,195432700,5.763174067324073
2021-12-20,165.95387268066406,166.76531314131543,163.7150906232475,164.51674516713837,107499100,5.629100608285431
2021-12-21,169.12144470214844,169.3267401361631,165.3379790393109,167.72341591348743,91185900,5.511085676790022
2021-12-22,171.71218872070312,171.92727008747283,168.30022969109157,169.1703261593658,92135300,5.283434992457919
2021-12-23,172.33786010742188,172.89512039322665,171.35045204505695,171.9174833311616,68356600,5.027852403616732
2021-12-27,176.29727172851562,176.38525547317582,173.11018066452525,173.1297226627458,74919600,4.895171736986463
2021-12-28,175.28053283691406,177.27492068975482,174.5375340801528,176.1310871789595,79144300,4.653558201052235
2021-12-29,175.3685302734375,176.59057652650236,174.1562550200767,175.31964543980357,62348900,4.460125406047908
2021-12-30,174.2149658203125,176.53197639110655,174.10742511941015,175.45656938208302,59773000,4.4356851592804105
2021-12-31,173.59902954101562,175.2218958133562,173.29594950484335,174.1073900997929,64062300,4.219206136812592
2022-01-03,177.93972778320312,178.79028222604728,173.73590007898758,173.85321176039008,104487900,4.129123487655717
2022-01-04,175.681396484375,178.8489462858369,175.1143651356069,178.5458811499138,99310400,4.009712725390803
2022-01-05,171.00827026367188,176.14086475419518,170.73453308424857,175.59339039534856,94537600,3.8937926379696535
2022-01-06,168.15357971191406,171.3797850968752,167.80162976232634,168.83792269234627,96904000,3.4238288832697372
2022-01-07,168.31980895996094,170.2457555978546,167.2053030557917,169.0237089960216,86709100,3.3770420968089945
2022-01-10,168.3393096923828,168.64237476166727,164.4092049558039,165.29885816519484,106765600,3.4224295779341025
2022-01-11,171.16470336914062,171.26245812752686,166.99997473942338,168.46643037323963,76138300,3.441981170166337
2022-01-12,171.60462951660156,173.21772467571947,170.91051556767007,172.1814317936139,74805200,3.347707506714061
2022-01-13,168.3393096923828,172.67023424322653,167.94824595979313,171.8490227811223,84505800,3.5746589306614687
2022-01-14,169.1996612548828,169.89377524696252,167.26392904254132,167.50833831927105,80440800,3.4734054191377015
2022-01-18,166.0028076171875,168.68152412823068,165.62152968734614,167.67455895666092,90956700,3.5334586304187474
2022-01-19,162.5125732421875,167.2541180438521,162.2290651127062,166.19826843077354,94815000,3.7185108750416225
2022-01-20,160.83108520507812,165.88546757565922,160.50846314939517,163.24585020445963,91420500,3.9294003860821687
2022-01-21,158.77804565429688,162.61038131219433,158.67050497614542,160.74309086318223,122848900,4.0732525309061725
2022-01-24,158.0056915283203,158.67049246380245,151.2404450916643,156.44148123567246,162294600,4.240848807877667
2022-01-25,156.2068634033203,159.1202179477596,153.50859022634555,155.42475069595457,115798400,4.374923562962244
2022-01-26,156.11886596679688,160.7137572085088,154.29068942101793,159.84366081362626,108275300,4.447547571358263
2022-01-27,155.6593780517578,160.1760566161972,154.74039680395836,158.8171416631375,121954600,4.580226462621833
2022-01-28,166.5209197998047,166.5404767176366,159.1593140383979,162.0042414218655,179935700,5.140272614322967
2022-01-31,170.87139892578125,171.0864802658057,165.71924760028926,166.3547206203823,115541600,5.221277104298186
2022-02-01,170.7052001953125,170.93005253238587,168.4566320719076,170.1186120178827,86213900,5.0934868951821
2022-02-02,171.90771484375,171.94682868403083,169.45385093947993,170.84209391826516,84914300,5.106756083503636
2022-02-03,169.03343200683594,172.2987509371964,168.27087633720052,170.57810026310062,89418100,5.057176534686669
2022-02-04,168.74957275390625,170.42346859121156,167.0756769166009,168.05455952783922,82465400,5.108458353985916
2022-02-07,168.03500366210938,170.2766384169295,167.33999039041194,169.20965988540354,77251200,5.062638101055979
2022-02-08,171.1380615234375,171.64708470161528,167.8098514342005,168.10351922686326,74829200,4.977793839360899
2022-02-09,172.55743408203125,172.91961588647231,171.20657123174874,172.3322952525055,71285000,4.720975977701668
2022-02-10,168.48529052734375,171.7743370940817,167.92733513885554,170.462637822063,90865900,4.77027759249644
2022-02-11,165.07876586914062,169.42500712943504,164.49143031742815,168.6908451580762,98670700,4.584275896023176
2022-02-14,165.31373596191406,165.99895095084156,163.04272064253541,163.83561333947773,86185500,4.394604652229753
2022-02-15,169.14111328125,169.29773807776493,166.654758116967,167.35955476472148,62527400,4.220385675684038
2022-02-16,168.90615844726562,169.6794689590006,166.45895248580587,168.22094376536884,61177400,4.062161151466602
2022-02-17,165.31373596191406,168.27974972128825,164.9123904196256,167.41832805716996,69589300,3.570208963020974
2022-02-18,163.76705932617188,166.93862933962222,162.68049906023276,166.23384762062662,82772700,3.4909873640119042
2022-02-22,160.85000610351562,163.16995323151656,158.72581758393332,161.49605730830203,91162800,3.674403169851924
2022-02-23,156.68972778320312,162.64132019491717,156.37647821597528,162.0442012768804,90009200,3.9438220437369944
2022-02-24,159.30335998535156,159.4110376690062,148.79015546543386,149.35790916683425,141147500,4.414751158278171
2022-02-25,161.36880493164062,161.6330924831591,157.47284137265066,160.38012393186045,91974200,4.472783975128012
2022-02-28,161.63308715820312,161.92675492011216,158.99989062280463,159.61659142915732,95056600,4.472085137327296
2022-03-01,159.75364685058594,163.0818568508139,158.5496253630897,161.22197083806662,83474400,4.521727867349398
2022-03-02,163.04270935058594,163.82581854222389,159.5089420061074,160.9185355637426,79724800,4.702822308283804
2022-03-03,162.71963500976562,165.34304789639853,162.05400207433684,164.91233720332733,76678400,4.607032799632803
2022-03-04,159.72427368164062,162.05401907314567,158.67687705595137,161.01640589639365,83737200,4.543402881190472
2022-03-07,155.93601989746094,161.5352302369313,155.68150083148916,159.91028134097652,96418800,4.750367102414472
2022-03-08,154.1153106689453,159.44043549933374,152.50994347183405,155.46617371481233,131148300,4.960830667532245
2022-03-09,159.50889587402344,159.9591883833685,156.04365849416726,158.0699374448171,91454900,5.1482136133342795
2022-03-10,155.17247009277344,157.00297572975708,152.68609998585092,156.81698565051138,105342000,5.350287031943744
2022-03-11,151.46249389648438,155.91641251914996,151.23735509056115,155.57379764949783,96970100,5.380353256886555
2022-03-14,147.43931579589844,150.86540543880508,146.93030751756515,148.25179027503273,108732100,5.343992159506603
2022-03-15,151.8148956298828,152.28477002224423,147.2043670461277,147.71337523300835,92964300,5.259389373590507
2022-03-16,156.21986389160156,156.62120932527256,151.19820652447248,153.73350876565036,102300200,4.888112273392488
2022-03-17,157.22811889648438,157.60009906528276,154.30126947324382,155.2605702418383,75615400,4.8265821649303815
2022-03-18,160.5171661376953,161.0066074424884,156.3862803303168,157.1204422875064,123511700,4.947543794563529
2022-03-21,161.88760375976562,162.83712104497158,159.56764191840216,160.05708320205216,95811400,4.857347197338187
2022-03-22,165.2549591064453,165.8422796739602,161.42752475473955,162.01484532225444,81532000,4.864338510417056
2022-03-23,166.61566162109375,168.9943398505725,164.1097089009123,164.4425404319918,98062700,4.978308876674092
2022-03-24,170.39413452148438,170.4626485498089,166.6156463524789,167.44768776251115,90131400,4.964326322639502
2022-03-25,171.03038024902344,171.57855215101324,169.1019802060181,170.20812239603873,80546200,4.723100789750428
2022-03-28,171.89181518554688,172.01905978493204,168.3678313455488,168.53423961902578,90371900,4.4888676763135384
2022-03-29,175.1808319091797,175.22976408859992,172.61614940998814,172.95876428530602,100589400,4.30987276121567
2022-03-30,174.01597595214844,175.81711647524634,172.96856432856262,174.77950323773482,92633200,4.025998208252184
2022-03-31,170.92269897460938,174.27047582290578,170.7171270473916,174.08448573079536,103049300,3.9455904473182812
2022-04-01,170.62904357910156,171.18701389593227,168.30909632537671,170.35495761395958,78751300,3.8274283895780195
2022-04-04,174.67184448242188,174.720791608407,170.75631338866327,170.88357292891146,76468400,3.7568101790915125
2022-04-05,171.36317443847656,174.53475923368862,170.7366902126206,173.75165021722813,73401800,3.6505352840201692
2022-04-06,168.20143127441406,169.96342328033663,166.53733352192953,168.72023795719042,89058800,3.7596075214850333
2022-04-07,168.50485229492188,169.69909027693134,166.26321768469555,167.5455515170426,77594700,3.6750036272039046
2022-04-08,166.49815368652344,168.15246782773184,165.62694868711696,168.15246782773184,76575500,3.647033947292154
2022-04-11,162.24981689453125,165.46055114101816,162.0050962053992,165.14731642594322,72246700,3.6526269874281234
2022-04-12,164.11949157714844,166.2828141709391,163.12102695263263,164.4718899777678,79265200,3.591796010767242
2022-04-13,166.80162048339844,167.42810486793778,163.24828613297083,163.85518867958416,70618900,3.6155686205984523
2022-04-14,161.79949951171875,167.65322825491936,161.55477886000992,167.01694559853848,75329400,3.8742741527351887
2022-04-18,161.58416748046875,163.08185675186522,160.11584349387897,160.45844346214486,69023900,3.8253302112068326
2022-04-19,163.86492919921875,164.2760730051198,160.4486387361769,161.53519893963082,67723800,3.860293451627537
2022-04-20,163.6985321044922,165.31369734743882,162.59240492951264,165.19622127922986,67929800,3.8512034710019987
2022-04-21,162.9056396484375,167.90773030576432,162.40641490220864,165.34306268686478,87227800,3.9903439444335356
2022-04-22,158.37342834472656,164.3250370614869,158.08955892864606,162.94482378114378,84882400,4.230169698882485
2022-04-25,159.44041442871094,159.7242838315626,155.11375480994548,157.71757136622622,96046400,4.2672254840476045
2022-04-26,153.48880004882812,158.91180327087787,153.41048764569481,158.82370741856425,95623200,4.416852092134379
2022-04-27,153.263671875,156.41566043489684,152.09879906936447,152.61760570667977,88063200,4.380496409919045
2022-04-28,160.18435668945312,161.04577820352466,155.57381282317428,155.88706244158715,130216800,4.690941676796821
2022-04-29,154.32083129882812,162.69028026576657,153.9292842451666,158.42235165998022,131747600,5.11116256342504
2022-05-02,154.6243133544922,154.88860092145774,150.0333512355366,153.4007100151784,123055300,5.1370334351962486
2022-05-03,156.11219787597656,157.31623426694395,153.0189401124905,154.81028218380573,88966500,5.155911783628077
2022-05-04,162.51406860351562,162.96434616624182,155.89681367917365,156.29815906862675,108256500,5.362177051635308
2022-05-05,153.45944213867188,160.61507214954577,151.67786848905013,160.38993331507154,130525300,5.700587817317883
2022-05-06,154.1848907470703,156.302387766656,151.14588956385867,152.93987884779835,116124600,5.857051027661533
2022-05-09,149.06759643554688,152.76341048572758,148.50882129057032,151.8811126841976,131577900,5.989096398201324
2022-05-10,151.46939086914062,153.6555174482576,149.92048190900607,152.45952464307157,115366700,6.122427012114506
2022-05-11,143.61700439453125,152.39087300235883,142.9405806152843,150.47925033829725,142689800,6.404496796651567
2022-05-12,139.7545623779297,143.32293029647687,136.0685607235715,139.96043637411066,182602000,6.498280049374346
2022-05-13,144.2150115966797,145.18553469561974,140.2937279042498,141.74459868206603,113990900,6.556883141950984
2022-05-16,142.67591857910156,144.61696502202452,141.3426813570236,142.68573136301794,86643800,6.360051490664184
2022-05-17,146.30308532714844,146.82265416778552,143.79345144967377,145.93055862687706,78336300,6.347899649460727
2022-05-18,138.0487823486328,144.46007380411618,137.14687404841018,143.96011558077154,109742900,6.446050003047412
2022-05-19,134.6470947265625,138.87227582415818,133.91185397987616,137.1273056487035,136095600,6.174580419024701
2022-05-20,134.88235473632812,137.93115346240322,130.00036063657,136.3528361484188,137426100,6.394262071875564
2022-05-23,140.29373168945312,140.44077384848245,134.94117272312687,135.07841705772444,117726300,6.484342425997054
2022-05-24,137.5978546142578,139.17617200488684,134.62748321427134,138.03899606760518,104132700,6.384250710862312
2022-05-25,137.7547149658203,138.99971190055481,135.61760734755066,135.70583264997845,92482700,5.851815313615073
2022-05-26,140.95053100585938,141.49950829001511,134.44120114221013,134.68628135538745,90601500,5.987658809687048
2022-05-27,146.69522094726562,146.73442720207444,142.40141055796454,142.5288570634857,90978500,5.995360719666697
2022-05-31,145.9109649658203,147.69515625482543,143.95032308788612,146.13644955191023,103718400,5.935140159254453
2022-06-01,145.7835235595703,148.75389460714223,144.7737792988703,146.95009283292427,74286600,5.544413225054266
2022-06-02,148.2343292236328,148.2931460840145,143.96992734384497,144.9208398093746,72348100,5.3140400157121075
2022-06-03,142.51905822753906,145.05808578629097,141.6171647882395,144.0091352358549,88570300,5.398768024119483
2022-06-06,143.26409912109375,145.64628674294468,142.04849579123675,144.13658414441952,71598400,5.421875687455698
2022-06-07,145.7835235595703,146.06781003090646,141.26424373812605,141.50932395629872,67808200,5.46879216631973
2022-06-08,145.04830932617188,146.92071116560922,144.5581488005419,145.65610359122917,53950200,4.98353152962895
2022-06-09,139.83297729492188,145.0384790561678,139.72514139394366,144.18560463111925,69473000,5.009441964482249
2022-06-10,134.431396484375,137.98995082700978,134.36276684809005,137.51940103001422,91437900,4.833686080267865
2022-06-13,129.2847137451172,132.53937106937602,128.85337019356888,130.25522177759234,122207100,4.8350865930287075
2022-06-14,130.14736938476562,131.25513655089347,128.89256009857948,130.51009821175379,84784300,4.599110019966722
2022-06-15,132.76483154296875,134.63724775917188,129.5591934714462,131.64726649009233,91533000,4.720249286732545
2022-06-16,127.50053405761719,129.7846835531672,126.50060254968962,129.4807864670593,108123900,4.663529418552128
2022-06-17,128.97103881835938,130.46113104749855,127.25547692933145,127.51036998343507,134520300,4.47936927012013
2022-06-21,133.1961669921875,134.36275100339577,130.696361206463,130.7943843000857,81000500,4.597003485698493
2022-06-22,132.68641662597656,135.04897821391006,131.2747523831488,132.1374244527046,73409200,4.58229709444773
2022-06-23,135.54896545410156,135.8626603415122,132.9609190593017,134.12750324123766,72433800,4.50037030697388
2022-06-24,138.8722686767578,139.1173489130396,137.01946268880786,137.14689423988725,89116800,4.282600237227075
2022-06-27,138.8722686767578,140.6662578013618,138.19584483125837,139.89179587794544,70207900,4.20207323854104
2022-06-28,134.7352752685547,140.59758868635495,134.6176415748851,139.3329816038879,67083400,4.286100439876
2022-06-29,136.49008178710938,137.90174634957765,133.98046254650382,134.75492447437682,66242400,4.397437685447892
2022-06-30,134.02947998046875,135.64700354645933,131.13753620204082,134.5490488814723,98964500,4.399536089222202
2022-07-01,136.1959991455078,136.30383506160413,132.99036001507756,133.36287185008192,71051600,4.24548356062897
2022-07-05,138.77423095703125,138.82324999611623,134.23534018265374,135.05882114715405,73353800,4.174760955104425
2022-07-06,140.10745239257812,141.28383440664965,138.30366564043456,138.56835645511603,74064300,4.218874691811647
2022-07-07,143.46995544433594,143.66601661315485,140.46036340026106,140.4701612232241,66253700,4.110339687015292
2022-07-08,144.14637756347656,144.64635079248632,142.1465295229667,142.40140757015126,64547800,3.841453421032471
2022-07-11,142.01905822753906,143.75423009408246,140.95051223046443,142.80331779694055,63141600,3.8407542220928304
2022-07-12,142.98960876464844,145.52863633565593,142.19555121961218,142.89157069008422,77588800,3.706316073741436
2022-07-13,142.62693786621094,143.56803784865582,139.3232452251004,140.17613484742708,71185600,3.739927987512447
2022-07-14,145.54824829101562,146.01879814456234,140.4309718883509,141.244640047542,78140700,3.9121838832750035
2022-07-15,147.21481323242188,147.89123716383364,145.28357952855526,146.8324886136038,76259900,3.8435606101564566
2022-07-18,144.17581176757812,148.58725611818477,143.8130828380742,147.77358792071823,81420900,4.008114918014109
2022-07-19,148.0284881591797,148.25395782693252,144.0189783944477,145.0090973341563,82982400,3.883474369515178
2022-07-20,150.0283203125,150.69494637561027,147.41086501912858,148.14610577429508,64823400,3.837959909044311
2022-07-21,152.2928466796875,152.50851845862235,148.94994906470606,151.45956799212024,65086600,3.7098187525334345
2022-07-22,151.05760192871094,153.20450649668453,150.39099108197328,152.3320217363922,66675400,3.674107350260911
2022-07-25,149.94007873535156,151.9889458272938,149.28326552705713,150.97921649648936,53623900,3.5396623850304962
2022-07-26,148.6166534423828,150.07732200029463,147.83239373585778,149.2636538636445,55138700,3.487145206332051
2022-07-27,153.70448303222656,154.2338646113094,149.1656081545016,149.57734107239523,78620700,3.6341914169284695
2022-07-28,154.2534942626953,154.53778073211737,151.37134852302864,153.8907653704556,81378700,3.6818064840405476
2022-07-29,159.31195068359375,160.40992030893383,156.36119003723385,158.06695385906744,101786900,3.893275106413861
2022-08-01,158.33164978027344,160.37071938994356,157.72385550686172,157.84148924790597,67829400,3.8316526617685014
2022-08-02,156.8611297607422,159.2139087149108,156.48861801917639,156.94937000342367,59907000,3.723116809781286
2022-08-03,162.86070251464844,163.3116417148104,157.58657171952117,157.67479700322565,82507500,3.784737216771057
2022-08-04,162.54698181152344,163.8998292386339,161.19413438441296,162.7430429706028,55474100,3.7917398752669556
2022-08-05,162.32122802734375,162.81206933981917,160.01426786699392,160.22042780912037,56697000,3.6505704604608615
2022-08-08,161.84999084472656,164.7361398246356,161.19226535966965,163.32251461167718,60276900,3.6012058199237993
2022-08-09,161.8990936279297,162.78261696114208,160.25968547297944,161.0155852740051,63135500,3.5468379721867245
2022-08-10,166.13998413085938,166.23814341245296,163.8428352480907,164.60854654925055,70170500,3.6025865715157943
2022-08-11,165.40370178222656,167.85790820975464,165.10919401506573,166.9449356294848,57149200,3.597957912942771
2022-08-12,168.9475860595703,169.01629605421468,166.29703098384923,166.70935086886797,68039400,3.6627374823535876
2022-08-15,170.01760864257812,170.21394216296972,168.21131628811554,168.3782005294128,54091700,3.6454301688119677
2022-08-16,169.86053466796875,170.52808660786044,168.51563433427114,169.61511402434292,56377100,3.3879473905735904
2022-08-17,171.35267639160156,172.92335934005538,169.4089493149704,169.60528281111644,79542000,3.4128029488590363
2022-08-18,170.95999145507812,171.69625328732099,169.94885973714076,170.56732446959606,62290100,3.0978720562834434
2022-08-19,168.37823486328125,170.55757183637587,168.17207488829533,169.8605704706802,70346300,3.1079472479763695
2022-08-22,164.50054931640625,166.74859572706774,164.0784180378036,166.58171149389958,69026800,3.2204134001008873
2022-08-23,164.16677856445312,165.6196796113523,163.5974008535258,164.0195321647684,54147100,2.9041110289407635
2022-08-24,164.46128845214844,165.03066617037743,163.2047358944321,164.25514348994625,53841500,2.8412707019210757
2022-08-25,166.9154815673828,167.02346724627097,165.2662620854037,165.688378388784,51218200,2.8244405105851667
2022-08-26,160.6229248046875,167.91683533755338,160.5640262370915,167.44563181749547,78961000,3.0965072702634484
2022-08-29,158.42391967773438,159.9160662270411,156.89249744175427,158.19812192757627,73314000,3.1827569756042045
2022-08-30,155.9991912841797,159.58232691391927,154.83098655063566,159.1602105704912,77906200,3.2122063026585153
2022-08-31,154.3401336669922,157.63858767600124,154.2615972644816,157.3735291899389,87991100,3.2570831752892815
2022-09-01,155.06658935546875,155.5181549609377,151.83684522830168,153.77076113952282,74229900,3.261991422478417
2022-09-02,152.95596313476562,157.42262194968552,152.13135334781393,156.82379496598037,76957800,3.4968944744082324
2022-09-06,151.6994171142578,154.21252227519972,150.87480729194033,153.60388383195894,73714800,3.591556096527524
2022-09-07,153.1031951904297,153.8001813128386,150.79623553618094,151.9840778426693,87449600,3.555094364497001
2022-09-08,151.6306915283203,153.49588236025656,149.88328282837716,151.80738719524012,84923800,3.688323363189799
2022-09-09,154.4873809814453,154.92915012061422,151.91537744584716,152.62219009337275,68028800,3.7247906507263076
2022-09-12,160.43637084960938,161.2511691580026,156.38203213199495,156.6667134786447,104956000,3.9007886043748528
2022-09-13,151.02207946777344,157.59935128029267,150.56068735003652,156.9710748828432,122656600,4.461746085928165
2022-09-14,152.4651641845703,154.2223849107527,150.7963063009738,151.95468489782945,87965400,4.576042395487706
2022-09-15,149.5789337158203,152.39637222437804,148.60707778360086,151.81716825811523,90481100,4.668607224548201
2022-09-16,147.9395751953125,148.57767791761873,145.6522527794473,148.4402429431555,162278800,4.423883784256138
2022-09-19,151.65032958984375,151.72886599832884,146.36888718799335,146.5750321533895,81474200,4.540280316213442
2022-09-20,154.02597045898438,155.1843635395565,150.2759512881002,150.59008188296497,107689800,4.551499736797205
2022-09-21,150.90426635742188,155.8323177224437,150.78646922639234,154.45795295017905,101696800,4.670703885692327
2022-09-22,149.94219970703125,151.6405063427645,148.14571882351763,149.58879338602387,86652500,4.657380870450246
2022-09-23,147.6745147705078,148.69547312127722,145.83877299693037,148.4206031759059,96029900,4.5725350210380515
2022-09-26,148.00823974609375,150.9532865502039,146.89893398984182,146.9185718294017,93339400,4.62372341940253
2022-09-27,148.9801483154297,151.88593544780034,147.20330517830297,149.9422080635759,84442700,4.743629454605367
2022-09-28,147.0953369140625,147.88068609523327,142.18692325585735,144.93563790031018,146691400,4.97081699229772
2022-09-29,139.8701171875,144.03245634378814,138.103085707034,143.4238179924611,128138200,5.37751646477876
2022-09-30,135.6685333251953,140.4787870882612,135.47219979960417,138.69211755301987,124925300,5.252002115643029
2022-10-03,139.8406982421875,140.44935170481597,135.16789396191245,135.67837316238783,114311700,4.92384313302379
2022-10-04,143.42385864257812,143.54165578156733,141.61755096209856,142.37345088895668,87830100,4.943477342281
2022-10-05,143.71835327148438,144.68041318278895,140.39044924017614,141.43104557154376,79471000,4.974325738112668
2022-10-06,142.76608276367188,144.8374334955695,142.5599378213271,143.13912691743977,68402200,4.856526790817625
2022-10-07,137.52394104003906,140.47881588020488,136.89566464180587,139.9290609248713,85925600,4.892986741641233
2022-10-10,137.847900390625,139.29097534068862,136.03179615324555,137.847900390625,74899000,4.775184379926003
2022-10-11,136.43426513671875,138.76086345268553,135.68819163523887,137.33741147407548,77033700,4.634243188597097
2022-10-12,135.80593872070312,137.78894134975735,135.6292430799311,136.58147619996143,70433700,4.5388796707813395
2022-10-13,140.3708038330078,140.9598044199806,131.90868942611982,132.5173428390662,113224000,4.89228597676419
2022-10-14,135.84523010253906,141.87276009592642,135.65870802953629,141.66660017858484,88598000,5.046550227194765
2022-10-17,139.80142211914062,140.282437004532,137.7006219624551,138.48597103526853,85250900,5.029019986658734
2022-10-18,141.11688232421875,144.0128431743189,138.03439937209953,142.825015544548,99136600,4.970821325419237
2022-10-19,141.224853515625,142.2948839097448,138.9080820775627,139.09460416043055,61758300,4.570432084358781
2022-10-20,140.76345825195312,143.21766459219867,140.0370077826972,140.40024050696854,64522000,4.4400084787048115
2022-10-21,144.57240295410156,145.1417806685085,140.03701908535325,140.25299045906925,86548600,4.427387324437078
2022-10-24,146.71243286132812,147.47814394112922,143.32563155001017,144.49383601206912,75981900,4.45964124241845
2022-10-25,149.54954528808594,149.6968066869272,146.62413491177585,147.34075911907576,74732300,4.372691801885488
2022-10-26,146.6143035888672,149.20594507644813,145.32828678897533,148.19481318791426,88194300,4.511532003661789
2022-10-27,142.1476593017578,146.3198108162611,141.48993368404496,145.35776595535313,109180200,4.458242845301519
2022-10-28,152.8872528076172,154.61500878306214,145.11232844918345,145.4853576495381,164762400,5.115969294863037
2022-10-31,150.5312042236328,151.4147275390832,149.13721674827332,150.35450854811523,97943200,5.164352454998552
2022-11-01,147.89051818847656,152.6025989544307,146.39837101303635,152.2393810863592,80379300,5.45324743153913
2022-11-02,142.3734130859375,149.38262560122348,142.34396380900958,146.22160672381153,93604600,5.309500774278638
2022-11-03,136.33609008789062,140.1842842462697,136.2084665510831,139.45783369878677,97918500,5.3059932363118
2022-11-04,136.07057189941406,140.28896920604143,132.1373281619349,139.71864706361086,140814800,5.5713099607484855
2022-11-07,136.6015625,136.827719829141,133.40580174577732,134.82177198830993,83374600,5.388700980830221
2022-11-08,137.17190551757812,139.069688836373,135.19545550623369,138.06672226567503,89908500,5.423517516398592
2022-11-09,132.61912536621094,136.23771698252543,132.34379953720284,136.18854844074562,74917800,5.541192457175293
2022-11-10,144.4188995361328,144.4188995361328,137.171901375878,138.88286812786214,118854000,6.019407641944339
2022-11-11,147.20164489746094,147.5064688885728,141.96059578034578,143.38640864839942,93979700,6.118933407452052
2022-11-14,145.80535888671875,147.77198095425382,144.96953850636208,146.48384590068005,73374100,6.0996313126477935
2022-11-15,147.53594970703125,151.0267061395854,146.08065388594696,149.67957510950868,89868300,6.171066223630368
2022-11-16,146.30685424804688,147.36883205309908,144.83188757505272,146.64119143040293,64218300,5.9981870969986755
2022-11-17,148.2046356201172,148.9519465811487,143.71089713297823,143.98622301357588,80389400,5.482022808917685
2022-11-18,148.76513671875,150.15160903599656,147.46717380781297,149.76811828911318,74829600,5.405908463834807
2022-11-21,145.53988647460938,147.8605015253363,145.25473282614936,147.6540145740021,58724100,5.213492460349542
2022-11-22,147.67364501953125,147.9096450709946,144.47788413446048,145.65786938764137,51804100,4.955856684943844
2022-11-23,148.54879760742188,149.29610855403772,146.8476588015229,146.95582360996656,58301400,4.690392629062444
2022-11-25,145.63819885253906,146.3953525551104,144.66471552066162,145.8348580598712,35195900,4.385566989251997
2022-11-28,141.81314086914062,144.19275214587688,140.98716307142482,142.7177853624681,69246000,4.473361110519895
2022-11-29,138.8140411376953,142.393293327039,138.00773375100172,141.88196729880755,83763800,4.509884413798322
2022-11-30,145.55953979492188,146.23802684928043,138.2043770255708,139.04018245155586,111380900,4.738851831179346
2022-12-01,145.83486938476562,146.64119170281938,144.16324348642758,145.73654727553216,71250400,4.073007120212913
2022-12-02,145.34320068359375,145.53003217962117,143.21924526160134,143.52408428382984,65447400,3.8637036212798597
2022-12-05,144.1829376220703,148.40133640660238,143.33728932207632,145.30391187981684,68826400,4.025246809610883
2022-12-06,140.5250244140625,144.8417605109046,139.55154080527421,144.61560310834815,64727200,4.030166270522579
2022-12-07,138.58787536621094,140.97731424983792,137.66356048798676,139.8170142991394,69721100,4.073715672656339
2022-12-08,140.2693328857422,141.12482380942538,138.7452125702619,139.98417924727298,62128300,3.8805656008737657
2022-12-09,139.78750610351562,143.14060047218985,138.54852454565471,139.96449489513216,76097000,4.016825650756019
2022-12-12,142.07861328125,142.0884409898644,138.7058487137347,140.31847817047847,70462700,4.007696249579524
2022-12-13,143.04226684570312,147.4671667934874,141.83279839446703,147.00500937638787,93886200,4.165025354042827
2022-12-14,140.8199920654297,144.21241242784126,138.80420126905452,142.92427726159215,82291200,4.37643688306225
2022-12-15,134.22195434570312,139.43350575702271,133.7597969655739,138.75501875197617,98931900,4.603302098283359
2022-12-16,132.2651824951172,135.35277902524194,131.4982009688156,134.4088086870883,160156900,4.546412260805651
2022-12-19,130.16085815429688,132.94362978303496,129.12839371956332,132.85513540362356,79592600,4.5056748670509625
2022-12-20,130.09205627441406,131.0261987808424,127.72227301817315,129.19723960857664,77432800,4.167837434119507
2022-12-21,133.1894989013672,134.52680273214906,130.53456166494178,130.7607190395491,85928000,4.307608737072592
2022-12-22,130.02320861816406,132.31432503613755,128.1254256005218,132.10783812958184,77852100,4.482497964049815
2022-12-23,129.65940856933594,130.21006041152802,127.47645662054781,128.7350936895975,63814900,4.316037728796539
2022-12-27,127.85993957519531,129.21691367798962,126.57180445054807,129.18741554567987,69007800,4.158708044022073
2022-12-28,123.93653869628906,128.8432592520272,123.76937760067855,127.50595548300566,85438400,4.284431464700465
2022-12-29,127.44693756103516,128.30241331797103,125.59831560715067,125.8539710621533,75703700,4.415069048876717
2022-12-30,127.76158142089844,127.78125184057714,125.30331160781724,126.26695961626481,77034200,4.264059356464201
2023-01-03,122.98271179199219,128.71540946850325,122.09773035328112,128.10576142344397,112117500,4.495136987827945
2023-01-04,124.25118255615234,126.51280092971427,122.9925456360047,124.77233620258212,89113600,4.34483132630664
2023-01-05,122.93354034423828,125.63764564758301,122.67788488068354,125.00832719533365,80962700,4.169942012600407
2023-01-06,127.45677947998047,128.115596113896,122.80572219640975,123.907033324828,87754700,4.0449190710025835
2023-01-09,127.9779281616211,131.18353181246084,127.72227268810083,128.2925949020793,70790800,4.035788662149301
2023-01-10,128.54824829101562,129.06940194282927,125.98180587179891,128.08609090104719,63896200,3.9838143769749235
2023-01-11,131.26217651367188,131.28183192855658,128.28274570808514,129.0595547117696,69458900,3.962040123960794
2023-01-12,131.18350219726562,132.01930740516633,129.24637865052426,131.64565949039473,71379600,3.843338859454156
2023-01-13,132.510986328125,132.6683196907436,129.46273119909978,129.82655147153693,57809700,3.7105899445111867
2023-01-17,133.6713104248047,134.99877137842552,131.89151977321038,132.5798345273993,63646600,3.7372790740993955
2023-01-18,132.95350646972656,136.2967583598761,132.77650266153844,134.53663801277594,69672800,3.768182758352952
2023-01-19,133.01248168945312,133.97612225756075,131.53751520588366,131.8423392118264,58280400,3.5799488583764116
2023-01-20,135.56912231445312,135.7166280099619,131.98004211916552,133.02234968254703,80223600,3.534999663313156
2023-01-23,138.7550048828125,140.92812862349226,135.5985702195713,135.81489982286553,81760300,3.7407900973331007
2023-01-24,140.1513214111328,140.77081216801105,137.95854199183503,137.9683697007518,66435100,3.468975173115521
2023-01-25,139.4925079345703,140.0529874380773,136.49340619294276,138.53869500355867,65799300,3.4781056074346615
2023-01-26,141.55747985839844,141.8426334902846,139.53184628445516,140.78065564701856,54105100,3.4345602352071487
2023-01-27,143.49459838867188,144.77290596887224,140.69217042868402,140.7708371263728,70555800,3.346764636828717
2023-01-30,140.61346435546875,143.12091025214485,140.46597371619012,142.54076039880331,64015300,3.2968983754002443
2023-01-31,141.88192749023438,141.931096037562,139.90547792238985,140.31846671250062,65874500,3.221042807124659
2023-02-01,143.00289916992188,144.1632138517995,138.96150571314269,141.56727363630213,77663600,3.3783729441379
2023-02-02,148.30296325683594,148.65694079146772,145.69718026187857,146.4149930473278,118339000,3.5841667203453125
2023-02-03,151.9215850830078,154.75352622762708,145.3629009773319,145.5595602225663,154357300,4.0259550602489815
2023-02-06,149.19778442382812,150.54493079230497,148.26364190831887,150.02377712562708,69858300,4.065290172354253
2023-02-07,152.06906127929688,152.63938353904294,148.12598902287087,148.12598902287087,83322600,4.136228659342426
2023-02-08,149.3846435546875,152.00025508514892,148.6471601159277,151.31194020980092,64120100,4.206463953034718
2023-02-09,148.35214233398438,151.75440537570756,147.9096553354024,151.213581264491,56007100,4.214189963713916
2023-02-10,148.71652221679688,149.04151212756338,146.95371454850684,147.19007494553122,57450700,3.9805321972865886
2023-02-13,151.51339721679688,151.91715888947925,148.62788900472555,148.65743217523777,62199000,4.014603605042138
2023-02-14,150.87326049804688,151.43461079325414,148.56880303013764,149.8096612758476,61707600,3.9636521027899363
2023-02-15,152.97091674804688,153.13833305811258,150.5581292969133,150.78463194852628,65573800,3.980086260324577
2023-02-16,151.37551879882812,153.95572244720177,151.02098573800205,151.17854429955682,68167900,3.8982292009682555
2023-02-17,150.23313903808594,150.67630162569367,148.55896091432058,150.03617955770974,59144100,3.883081573255812
2023-02-21,146.22494506835938,149.00212332766463,146.15601601247863,147.91882364629484,58867200,4.029617638286894
2023-02-22,146.6484375,147.67263591965713,144.9250155718982,146.60903658364012,51011300,3.8543256532227588
2023-02-23,147.13096618652344,148.05669224456878,145.00378282832062,147.81048914517564,48394200,3.6685304957014955
2023-02-24,144.48182678222656,144.95453250364176,143.50685714395402,144.87574571223192,55469600,3.25663648086394
2023-02-27,145.6734619140625,146.90447752822308,145.21059884097443,145.46665970602933,44998500,3.1684013073859103
2023-02-28,145.1712188720703,146.81585399639758,144.60002580056587,144.81668575965537,50547000,3.0042894273615985
2023-03-01,143.10308837890625,144.9939263960711,142.80764165155819,144.60000744430354,55479000,2.9286948600146667
2023-03-02,143.69398498535156,144.481837933212,141.71450238763347,142.1872231725768,52238100,2.851736681819907
2023-03-03,148.7362060546875,148.8149928448926,145.0924034132026,145.79161175732688,70732300,3.068394558997371
2023-03-06,151.4936981201172,153.92618602775224,151.1293223291666,151.4542972077173,87558000,3.2041595653053014
2023-03-07,149.29754638671875,151.69063299374776,148.83468341689917,151.3656431408717,56182000,3.1978278074616844
2023-03-08,150.5482940673828,151.1391876253047,149.52409559763862,150.4892077170001,47204800,3.1450733415607317
2023-03-09,148.30288696289062,152.19289270805663,147.9483539187185,151.22778082054958,53833600,3.2386306329991896
2023-03-10,146.24464416503906,148.64758887079853,145.36816171354923,147.92868001277867,68572400,3.271692723909315
2023-03-13,148.18470764160156,150.81415467329558,145.4567733693173,145.56510332314932,84457100,3.3631397437929564
2023-03-14,150.2725372314453,151.07023295988367,147.82036369988242,148.98243524821328,73695900,3.3990146660959795
2023-03-15,150.66648864746094,150.92253451978002,147.6431066809658,148.89382292012243,77167900,3.4151945534221277
2023-03-16,153.48300170898438,154.08373780814682,149.33693534803646,149.84904194741503,76161100,3.495386940389338
2023-03-17,152.6459197998047,154.35949876084172,151.93685367986137,153.70951897971963,98944600,3.4953865357453253
2023-03-20,155.0094757080078,155.42311016638172,151.80883520237765,152.71487589238697,73641400,3.5952755906147797
2023-03-21,156.8609161376953,156.9790888157361,154.1625247817563,154.93069227015488,73938300,3.6276317915767566
2023-03-22,155.4329376220703,159.6774765177441,155.41323716716616,156.88061300312046,75701800,3.734553491933858
2023-03-23,156.5162353515625,159.0964541870748,155.28521978995877,156.41776312286146,67622100,3.6409982446177866
2023-03-24,157.8162078857422,157.9048374069247,155.4526638252611,156.44731907052963,59196500,3.445440645231991
2023-03-27,155.87611389160156,158.32830230982592,155.47233717929535,157.5109061704178,52390300,3.445441756209275
2023-03-28,155.25567626953125,156.0829301456233,153.6110412861723,155.57082346557496,45992200,3.4904594434139216
2023-03-29,158.3282928466797,158.60403911493316,156.92986104995282,156.94954647836764,51305700,3.4264468759899063
2023-03-30,159.89413452148438,160.0024644815908,158.82069266127598,159.07673846378026,49501700,3.3117857672514646
2023-03-31,162.3955841064453,162.49407137264149,159.4510041879724,159.97295363930863,68749800,3.1464776158722367
2023-04-03,163.6462860107422,163.76445869825218,161.7259047034759,161.77514833228696,56976200,3.0599550969275975
2023-04-04,163.114501953125,164.3061166832112,162.60239523685718,164.06977129650792,46278300,2.9474046403232967
2023-04-05,161.2729034423828,162.54332009164784,159.34267919173706,162.23803059475318,51511700,2.8777632332716956
2023-04-06,162.15924072265625,162.45468749786315,159.53963569062748,159.96309788102116,45390100,2.9129351422899328
2023-04-10,159.56915283203125,159.56915283203125,157.64877164706385,158.96841666370352,47716900,2.976949007403385
2023-04-11,158.3578338623047,159.8941387722609,158.0722298566841,159.88429605818737,47644200,2.905902213231743
2023-04-12,157.66845703125,159.59868074602483,157.35330987869057,158.77144201112134,50133100,2.761697321571479
2023-04-13,163.04554748535156,163.28190788405584,158.96842452673738,159.1752417539843,68445600,2.890427068406465
2023-04-14,162.70086669921875,163.794009087704,161.33197803499354,162.09027277975596,49386500,2.8911311734812415
2023-04-17,162.72055053710938,162.8781241294329,161.53877864877254,162.5826774005875,41516200,2.7828011984905134
2023-04-18,163.94174194335938,164.86746811951792,163.13418846133288,163.57736611842117,49923000,2.7595889644160536
2023-04-19,165.08413696289062,165.60608642613127,163.02586725800396,163.2819281451353,47720200,2.70472155889644
2023-04-20,164.11898803710938,165.32046042282218,163.04554607797024,163.56749547193866,52456400,2.747631752463641
2023-04-21,162.51373291015625,163.92200731179602,161.99178358382397,162.54327607753027,58337300,2.6822129859362343
2023-04-24,162.8190460205078,163.0849495926161,161.40091367199096,162.49405610505224,41949600,2.6568902663540093
2023-04-25,161.28273010253906,163.78414697340926,161.24332919160244,162.68116189989732,48714100,2.7166828617434953
2023-04-26,161.2729034423828,162.76982277852977,160.327491776325,160.58353763858076,45498800,2.621719164658984
2023-04-27,165.85226440429688,165.9999802574992,162.6811671878293,162.6811671878293,64902300,2.7511495223647495
2023-04-28,167.10296630859375,167.27039764589344,165.33031595199535,165.93105213681218,55275900,2.5675504236722992
2023-05-01,167.0143585205078,167.86129792357815,166.07878959348815,166.70906903109534,52472900,2.5647360961375267
2023-05-02,165.98025512695312,167.76277797719564,164.99544284655173,167.50671716698386,48425700,2.6020192578025023
2023-05-03,164.90684509277344,168.32414556576836,164.6212560883793,166.925713661642,65136000,2.4655505881298745
2023-05-04,163.27206420898438,164.50307988258416,161.81454585901537,162.38573893481126,81235400,2.5105697439189885
2023-05-05,170.9339141845703,171.65282310766082,168.1665784150509,168.3832383689214,113453200,3.013527845205851
2023-05-08,170.86495971679688,171.20965008439242,169.49607101524845,169.86044681233003,55962800,2.9825750942583817
2023-05-09,169.16122436523438,170.90433143409618,168.99380806621033,170.42178299192224,45326900,2.9347396799554195
2023-05-10,170.92405700683594,171.38692008917508,169.28926463206565,170.3922648627901,53724500,2.9312240641760456
2023-05-11,171.1111602783203,171.93839911576495,169.5551548305296,171.20964753246403,49514700,2.949512623601042
2023-05-12,170.18414306640625,171.6535334613317,168.63584185680983,171.2196142676148,45533100,3.044773743879379
2023-05-15,169.6910858154297,170.815324358024,169.09937498339835,170.76601261404946,37266700,2.985854571937866
2023-05-16,169.6910858154297,170.74628490689332,169.42481443623242,169.61219003463674,42110300,2.905793105399017
2023-05-17,170.30250549316406,170.53917778241149,168.06388478776768,169.3360585337975,57951600,2.74495140393669
2023-05-18,172.6298828125,172.8172584115987,170.1940301198803,170.60822168470452,65496700,2.7937475894952826
2023-05-19,172.73834228515625,173.9513327998332,172.5213826746833,173.9513327998332,55809500,2.76856486057099
2023-05-22,171.79164123535156,172.2945999966471,171.05201016081833,171.5746815829952,43570900,2.691350360120562
2023-05-23,169.1881103515625,170.9829553293692,168.9119826700276,170.7364116817252,50747300,2.632548152115912
2023-05-24,169.46426391601562,170.03624707165045,168.16252108250686,168.724632860117,45143500,2.545507206072021
2023-05-25,170.5983428955078,171.4957503105663,169.3163129553576,170.02635984381527,56058300,2.1025556672528967
2023-05-26,173.00460815429688,173.33991896491864,170.71669083708804,170.92379413047703,54835000,2.1759840244148143
2023-05-30,174.84878540039062,176.51542312806916,174.1288820495124,174.5134895983742,55964400,2.2902905676924172
2023-05-31,174.79945373535156,176.87042648421155,174.3162227478627,174.87834951174753,99625300,2.313755425721571
2023-06-01,177.60018920898438,177.62977324467488,174.4838737017158,175.24323239604442,68901800,2.3682308012732665
2023-06-02,178.44827270507812,179.26679934554073,176.78163539298924,178.52716847079088,61996900,2.3301931118468104
2023-06-05,177.0972137451172,182.3929658521557,175.57849662924414,180.10504889865823,121946500,2.69437310101009
2023-06-06,176.73236083984375,177.62976831057978,174.97695616659206,177.4818481362361,64848400,2.7894689348191486
2023-06-07,175.36155700683594,178.7046879636189,174.86846975629078,175.97298038220674,61944600,2.8866778785823146
2023-06-08,178.07354736328125,178.3398036598064,175.00654388250445,175.44044804834044,50214900,2.9373944132668544
2023-06-09,178.45814514160156,179.7105759291869,178.13270574903748,178.99067275354267,48900000,2.9521857304636927
2023-06-12,181.24900817871094,181.34763164971682,178.46800386072707,178.76385922591572,54274900,3.0381253293049304
2023-06-13,180.7756805419922,181.60406367252176,179.91771337450308,180.27273686584886,54929100,2.9528890244974115
2023-06-14,181.4068145751953,181.84073380664427,179.50350482104812,180.83483150172444,57462900,2.985996381386879
2023-06-15,183.43832397460938,183.94128262941163,181.23915892536104,181.41667817053525,65433200,3.0233311205898707
2023-06-16,182.3634033203125,184.40479194393566,181.72239585614398,184.14837692000424,101256200,3.0191039790456466
2023-06-20,182.45217895507812,183.52712083284334,181.86048315364175,181.86048315364175,49799100,2.887377029433454
2023-06-21,181.4166717529297,182.8466218007744,180.06560242478363,182.34366316376426,49515700,2.9035781465507324
2023-06-22,184.41465759277344,184.46396933431626,181.13069423738702,181.19973368511316,51245300,2.916962114691458
2023-06-23,184.0990447998047,184.96688315796402,182.45213522308205,182.9846778693447,53117000,2.9190752562864923
2023-06-26,182.7085723876953,185.4501365723536,182.6691169769034,184.24700235631448,48088700,2.6309717114678244
2023-06-27,185.4600067138672,185.78544616190248,183.10304984582174,183.32000947784528,50730800,2.661261827912071
2023-06-28,186.63356018066406,187.2745677103686,185.00637796044083,185.33180236622022,51216800,2.5492597952406157
2023-06-29,186.96884155273438,187.4422162021352,186.32783407243755,186.4658979165552,46347300,2.390768534697451
2023-06-30,191.28831481933594,191.7912585176698,188.6157746627016,188.9806695476879,85213200,2.6182962774852934
2023-07-03,189.79917907714844,191.19954526937022,189.10884478636748,191.10092178559267,31458200,2.5675808149748076
2023-07-05,188.68478393554688,190.311965971159,187.98459336367247,188.92147125163748,46920300,2.6133681227939394
2023-07-06,189.15814208984375,189.36524537083605,186.5842258571581,187.2153769807983,45094300,2.645067446228355
2023-07-07,188.0437469482422,190.00623962579556,187.6098428072387,188.76366516963594,46815000,2.6232298115502317
2023-07-10,186.00238037109375,187.36330604998784,184.45407912216882,186.6433878022031,59922200,2.6880349357132087
2023-07-11,185.4796905517578,186.6828245728434,184.0201565933923,186.5447607531038,46638100,2.7591799571596027
2023-07-12,187.1463623046875,189.04967210294507,185.86433228601203,187.05759515232103,60750200,2.815534398245067
2023-07-13,187.90570068359375,188.54672319895087,187.15621340871894,187.8662603208446,41342300,2.677469098054648
2023-07-14,188.05361938476562,188.53683526319492,187.00827681367923,187.59997248992855,41616200,2.6070269919570563
2023-07-17,191.30801391601562,191.63345333608896,189.15814548736353,189.24689758888442,50520200,2.6640851602337086
2023-07-18,191.05160522460938,191.64331601668746,189.75971887799713,190.6768691009351,48288200,2.5788511148396487
2023-07-19,192.40267944335938,195.48939585264796,189.9865395225249,190.4303301514657,80507300,2.8098987277107415
2023-07-20,190.4599151611328,193.7537348839622,189.8386203157028,192.39280905028917,59581200,3.0099510447508675
2023-07-21,189.28636169433594,192.2744696321092,188.5861710830146,191.41650251566858,71951700,2.9289425864765235
2023-07-24,190.0851593017578,192.21530010696893,189.59207198839397,190.73603816687742,45377800,2.9824760421668475
2023-07-25,190.943115234375,191.75178560391285,190.2527960456413,190.65713123041024,37283200,2.935279877500313
2023-07-26,191.8109893798828,192.93522799592873,190.6473103947794,190.9924625294884,47471900,2.9000583123196964
2023-07-27,190.5486297607422,194.47359988570312,189.88789468037692,193.30992124955094,47460200,3.056437482803221
2023-07-28,193.12255859375,193.91150122150714,191.45592124266818,191.9785925358936,48291400,3.040237742424048
2023-07-31,193.7340087890625,193.77346420221568,192.56045853696887,193.34940127389015,38824100,2.9366904342665987
2023-08-01,192.90560913085938,194.0101198390568,192.58016971551623,193.52690392813534,35175100,2.7838310465775504
2023-08-02,189.91751098632812,192.48155598125388,189.19760772385698,192.3434921357412,50389300,2.9486625117731955
2023-08-03,188.52699279785156,189.7103992851957,188.05363321247987,188.92147165885288,61235200,2.972613892082665
2023-08-04,179.4739532470703,184.78943469803295,179.40491378965757,182.95514900922737,115956800,3.3684885390019974
2023-08-07,176.37733459472656,180.59816071157974,174.89807268327345,179.6119861039443,97576100,3.6410950311174224
2023-08-08,177.31419372558594,177.77769698523286,175.12488493894773,177.205713919119,67823000,3.437520439414714
2023-08-09,175.72645568847656,178.42856448196,174.56276182695083,178.3693964131728,60378500,3.4339981598968388
2023-08-10,175.509521484375,178.2510860859084,175.14464164213348,176.99863993985085,54686900,3.3924371523740047
2023-08-11,175.5687255859375,176.38835756307438,174.34422750725284,175.10461152163393,52036700,3.3292365554589014
2023-08-14,177.2178955078125,177.44501774834183,175.09474782272636,175.74650562753334,43675600,3.378068242848932
2023-08-15,175.23300170898438,177.23763842738072,174.8380051896738,176.64514364841483,43622600,3.386047931174474
2023-08-16,174.36399841308594,176.30937200366554,174.29486573787133,174.91699954220002,46964900,3.2023908640650456
2023-08-17,171.82611083984375,175.29225282363015,171.31260330101006,174.92688028330798,66062900,3.246446439911842
2023-08-18,172.3099822998047,172.91236175457905,169.81159252872837,170.14734105941557,61172200,3.3812866942406896
2023-08-21,173.6431427001953,173.92952802889707,171.5693880510013,172.8827735295677,46311900,3.447728826694631
2023-08-22,175.01571655273438,175.46009132134986,174.04796471270419,174.84784230984178,42038900,3.3126536277054988
2023-08-23,178.8571319580078,179.28176749229362,176.1019960768648,176.28962468028294,52722800,3.484237425256284
2023-08-24,174.17637634277344,178.8374075605793,173.8109887437673,178.41277199096436,54945800,3.193099154259607
2023-08-25,176.37847900390625,176.91172570988553,173.62334339807447,175.1638506244018,51449600,3.020834460224234
2023-08-28,177.93875122070312,178.33374768816518,176.31924159506977,177.83999456976295,43820700,2.9752411778535395
2023-08-29,181.81967163085938,182.5899254092932,177.25739693272806,177.45489519701718,53003900,3.08000730796468
2023-08-30,185.30555725097656,185.50307057198083,182.43192527543482,182.62942352828824,60813900,3.1212183434894314
2023-08-31,185.52281188964844,186.75719481874472,185.13768501849643,185.4931879048022,60794500,3.0908883252341997
2023-09-01,187.0929412841797,187.54718572230075,185.92767607044595,187.1225652663115,45766500,3.067610032879689
2023-09-05,187.3299560546875,187.60645663383806,185.26607135025952,185.92769881238064,45280000,3.0633780361562333
2023-09-06,180.624755859375,186.4905448774819,179.2027445739978,186.04615504969036,81755800,3.4999998372201975
2023-09-07,175.34161376953125,175.98350189646143,171.37183427986267,172.99134398653018,112488800,3.8766621269982147
2023-09-08,175.95387268066406,177.98814840122637,175.56874581023814,176.12176201867752,65551300,3.8442167988442457
2023-09-11,177.11912536621094,178.0473836718388,175.1243584797436,177.82026144859472,58953100,3.884422885572777
2023-09-12,174.09738159179688,177.8795329175836,172.63587633671216,177.2475294233725,90370200,4.129187739838268
2023-09-13,172.0334930419922,175.0848841389881,171.80635572558617,174.30474566083996,84267900,4.058650416541316
2023-09-14,173.54437255859375,173.89987544974738,171.41135521167203,171.82610607332606,60895800,3.875963061100947
2023-09-15,172.823486328125,174.29487626046748,171.64836639188815,174.27512191376346,109259500,3.8301150294415374
2023-09-18,175.7465057373047,177.13889330258442,173.96899129951683,174.27511585610648,67257600,3.99446509239611
2023-09-19,176.832763671875,177.38576479928514,174.91699900323943,175.30212586469654,51826900,3.7899106152161517
2023-09-20,173.29751586914062,177.45490967025808,173.20862883503193,177.02040441249267,58436200,3.8301164647950583
2023-09-21,171.7569580078125,174.0973581099587,171.6878404044714,172.36922214048295,63149100,3.886545600883559
2023-09-22,172.6062469482422,174.86764517240317,171.87550181385268,172.48775099523908,56725400,3.964139410307727
2023-09-25,173.88011169433594,174.75899170155245,171.97421669351675,172.02359502231215,46172700,3.9958815334832383
2023-09-26,169.81161499023438,173.01112622988728,169.5153600429677,172.63588402695854,64588900,3.727134402817419
2023-09-27,168.30068969726562,170.87808171574733,166.93794126401278,170.46333088230946,66921800,3.347650036547577
2023-09-28,168.5574493408203,169.88070413963854,165.52579782856736,167.22430983558627,56294400,3.4696765850744384
2023-09-29,169.0709686279297,170.90773103963988,168.21182785802986,169.87084635964763,51861100,3.4534535843254974
2023-10-02,171.57923889160156,172.12237043121976,168.79446358018748,169.08084887750982,52164500,3.316614317908415
2023-10-03,170.24609375,171.46073744550782,168.6858469308082,170.1078434596355,49594600,3.2891045712935187
2023-10-04,171.4903564453125,172.03348795172127,168.8339619515459,168.9524578917983,53020300,3.3398906971578066
2023-10-05,172.7247314453125,173.2579782200924,170.52258153582127,171.61871413723316,48527900,3.3462397554215073
2023-10-06,175.27249145507812,175.76624458491796,171.016326818613,171.6285909459562,57266700,3.3772762405533308
2023-10-09,176.7537841796875,176.81303215553828,173.6036362062995,174.6010122921434,42390800,3.430178394352834
2023-10-10,176.1612548828125,177.47464011941017,175.72674968355904,175.8748846750232,43698000,3.251721937254619
2023-10-11,177.5536651611328,177.60304349794123,175.38115395493855,175.9736487921809,47551100,3.2383199256485744
2023-10-12,178.45228576660156,180.0619109305439,176.80313684087554,177.8202822818536,56743100,3.248897563154123
2023-10-13,176.6155242919922,179.65703072033497,175.91438812346496,179.15340788479125,51427100,3.3173166766422884
2023-10-16,176.48712158203125,176.84262444155877,174.3047260977915,174.5417330268598,52517000,3.1868271546707905
2023-10-17,174.93675231933594,176.19088966345473,172.61612132571108,174.44299912050275,57549400,3.181888569284049
2023-10-18,173.6431427001953,175.36140946794492,172.9222671603436,173.3863964297676,54764400,3.045048283321916
2023-10-19,173.26788330078125,175.6181383369893,173.0012523479638,173.84062376512662,59302900,3.0394041981373072
2023-10-20,170.72010803222656,173.2283676109075,170.48310107616433,173.11974130623128,64244000,3.000609581964781
2023-10-23,170.8385772705078,171.83595313524123,167.80692592091492,168.77469287243957,55980100,3.0817263857885626
2023-10-24,171.27308654785156,171.50020876645127,169.3079436842464,170.8879597127696,43816600,3.0097791773620974
2023-10-25,168.9623260498047,170.8978298690587,168.51793618108192,169.7325797223047,57157000,3.011190154683419
2023-10-26,164.80491638183594,169.23882483986895,163.60015755926395,168.24143389027685,70625300,3.074672262847709
2023-10-27,166.1182861328125,166.8490461099926,164.74565318394508,164.82465548430088,58499100,2.9956720469054767
2023-10-30,168.1624298095703,169.0314401165317,166.7601727667049,166.90830774256386,51131000,3.0789051574674824
2023-10-31,168.63645935058594,168.76482492650203,165.80230595130433,167.23420217717043,44846000,3.1318072597671267
2023-11-01,171.79644775390625,172.05319393081336,167.9945430130093,168.86355325507674,56934900,3.1889413189196785
2023-11-02,175.35150146484375,175.5588693503195,173.26786256268767,173.32711052996643,77334800,3.190354104601338
2023-11-03,174.44297790527344,174.61086723243213,171.1842192438163,172.06309922812656,79829200,3.30673866726278
2023-11-06,176.99072265625,177.18822087218612,174.008464938874,174.1763391758271,63841300,3.2573640727622046
2023-11-07,179.5483856201172,180.1606346460721,176.73398690556192,176.94135477067297,70530000,3.3279001751128385
2023-11-08,180.60501098632812,181.1580120556029,179.3212498937122,180.07176426042716,49340300,3.272177044603211
2023-11-09,180.1310577392578,181.8196853547634,179.53854783351557,180.67418930816274,53763500,3.2362024229339914
2023-11-10,184.3136749267578,184.48178544542026,181.475802800193,181.9108804268445,66133400,3.2591810294937154
2023-11-13,182.73159790039062,183.94782669363863,182.1482051958573,183.74018560328048,43627500,3.2572670758291196
2023-11-14,185.342041015625,186.00454008995078,184.21480130754796,185.59912547957174,60108400,3.294252206028442
2023-11-15,185.90565490722656,187.3789832148446,185.67823345303117,185.7474572062222,53790500,3.036986128786627
2023-11-16,187.58663940429688,188.82264852852316,186.5384909930313,187.44820698590362,54412900,3.095100464161561
2023-11-17,187.56686401367188,188.24914348244,186.4594046371221,188.12059370194675,50922700,3.0148565257043236
2023-11-20,189.30712890625,189.76198684131353,187.75470950144614,187.7645921414258,46505100,2.960042515164606
2023-11-21,188.50624084472656,189.37639617894334,187.61632022600733,189.26762676216626,38134500,2.7958585891026013
2023-11-22,189.168701171875,190.7705639920827,188.69407794514686,189.34669431189826,39617700,2.6888515570270948
2023-11-24,187.8437042236328,188.76328767363577,187.13176183550132,188.733624664797,24048300,2.536684208123254
2023-11-27,187.66574096679688,188.5358962659671,186.7857030257735,187.79429075090235,40552600,2.4345725871862163
2023-11-28,188.26889038085938,188.9412871423915,187.28008315178343,187.6558347269926,38415400,2.308469462193208
2023-11-29,187.2504425048828,189.93999969621768,186.85492560121705,188.76331653900834,43014200,2.3976346002724886
2023-11-30,187.8239288330078,188.18979776505014,186.08363355367433,187.71515943504943,48794400,2.3851365067102006
2023-12-01,189.0995330810547,189.4159436040849,187.11202054575708,188.19971472368132,45704800,2.2389361747220136
2023-12-04,187.30975341796875,187.92282418358675,185.35191925319242,187.85360043262926,43389500,2.3519464673621377
2023-12-05,191.2550811767578,192.22410797955845,188.0513405114985,188.08101860758427,66628400,2.4691902082213915
2023-12-06,190.1674041748047,192.58008102103562,189.95974802820277,192.27355320919483,41089700,2.5108609791937675
2023-12-07,192.09559631347656,192.81742141001197,191.42319951100376,191.46276025185608,47477700,2.491791237330245
2023-12-08,193.51951599121094,193.79638087491043,191.50234030939515,192.02640705982665,53406400,2.527812788772916
2023-12-11,191.01779174804688,191.3243346926335,189.27749628821252,190.9485830810774,60943700,2.6740197084412562
2023-12-12,192.53067016601562,192.54055280703432,189.57413099725628,190.9189094878757,52696900,2.7601872696442586
2023-12-13,195.7443084716797,195.78385412672148,192.66911702808835,192.90642113434447,70404200,2.8308201848835233
2023-12-14,195.89260864257812,197.38570218691584,193.96443748585023,195.80361960949875,66831600,2.929700568075804
2023-12-15,195.35867309570312,196.1793699091571,194.79504567055722,195.3191123528845,128538400,2.9035670679619665
2023-12-18,193.69747924804688,194.42920214917604,192.21426816132805,193.89523770867535,55751900,3.0095099925167523
2023-12-19,194.73573303222656,194.74561567460933,193.6974822378966,193.964464462268,40714100,2.864014444771168
2023-12-20,192.6493377685547,195.46742966263125,192.6493377685547,194.69616113684165,52242800,2.9148664221069356
2023-12-21,192.50099182128906,194.87413831888384,191.33420648650613,193.90511142023345,46482500,3.0031527631104984
2023-12-22,191.43310546875,193.2228443252002,190.81015202156473,192.9954077755279,37149600,2.907801225665728
2023-12-26,190.8892364501953,191.71983089218512,190.67169765519787,191.4429660781885,28919300,2.6316425596226947
2023-12-27,190.98812866210938,191.33421726083122,188.95118798803827,190.33552729492325,48087700,2.614692293905559
2023-12-28,191.413330078125,192.4812438348005,191.00791544042355,191.96705978425237,34049900,2.532056432297261
2023-12-29,190.3750762939453,192.2241411947973,189.5840274029703,191.72973752393827,42672100,2.5567759484623855
2024-01-02,183.56219482421875,186.33085840634024,181.83178197139316,185.05528848269014,82488700,2.864009849859081
2024-01-03,182.18775939941406,183.79952025374087,181.37693010719954,182.15809638511382,58414500,2.8251647310564585
2024-01-04,179.8739471435547,181.04073256447913,178.85547678867908,180.1112512492328,71983600,2.8308146346299674
2024-01-05,179.15208435058594,180.71440156415224,178.15339449300276,179.95303087035154,62379700,2.7693676610645293
2024-01-08,183.48306274414062,183.52262348166371,179.46850790157933,180.0519005320401,59144500,2.982668724812951
2024-01-09,183.06777954101562,183.07766218215258,180.68475037086026,181.86143345023166,42841800,2.9579478275919007
2024-01-10,184.1060333251953,184.31367440860302,181.8614365329183,182.2866315170422,46792900,3.058240788243491
2024-01-11,183.5127410888672,184.9564063690912,181.5647895230864,184.4521049955326,49128400,3.0992068562383657
2024-01-12,183.8390655517578,184.64989484239166,183.11724039185432,183.97749798089004,40477800,2.9558299003926254
2024-01-16,181.57470703125,182.19764543114704,178.9049149905355,180.12115895148446,65603000,3.1359340616488276
2024-01-17,180.63531494140625,180.8825167727283,178.281963767062,179.24110807963172,47317400,3.2962633493060247
2024-01-18,186.51873779296875,187.0230241166397,183.7500741577492,184.00715864056133,78005800,3.5823119137660604
2024-01-19,189.41590881347656,189.80154302609114,186.7065866846462,187.21087293560348,68903000,3.7101469180825797
2024-01-22,191.71986389160156,193.143748944668,190.1081030206995,190.14766376550878,60133900,3.78784165660861
2024-01-23,192.99542236328125,193.55904982724218,191.66054141727486,192.83722464512005,42355600,3.313214091423979
2024-01-24,192.3230438232422,194.18200660712424,192.16483101440033,193.232744842077,53631300,3.2842559090084484
2024-01-25,191.99671936035156,194.07322080915367,190.94858599423335,193.03497008475262,54822100,3.2694239235931155
2024-01-26,190.26629638671875,192.58010181757646,189.7916731135176,192.09559590318426,44594000,3.2856683259437864
2024-01-29,189.58401489257812,190.04875551955823,187.4580852833725,189.86087972294905,47145600,3.1740734668201065
2024-01-30,185.93531799316406,189.65324309628332,185.37170567810733,188.80286821503816,55859400,3.280018112884079
2024-01-31,182.3360595703125,185.00585134318092,182.28663127585358,184.94651023142666,55467800,3.365478744428777
2024-02-01,184.76852416992188,184.857513201702,181.7625567551165,181.93065217781273,64885400,3.344288715898827
2024-02-02,183.7698516845703,185.23328233515724,177.2437171517322,177.84689023760967,102551700,3.805496625390806
2024-02-05,185.579345703125,187.1317803970082,183.75994390321247,186.0440863383638,69668800,3.6939027634317654
2024-02-06,187.18124389648438,187.1911265388062,184.67956238073768,184.76855142564483,43490800,3.6381042558518026
2024-02-07,187.29000854492188,188.91165203661865,186.49895962721544,188.50623739169367,53439000,3.354174486863928
2024-02-08,186.2122039794922,187.418535043408,185.2530596605407,187.27021997882892,40962000,3.274365211845707
2024-02-09,186.9745635986328,188.10324181676,186.1329987846296,186.77653768433356,45155200,3.1488225619127763
2024-02-12,185.29139709472656,186.79630612181433,184.93497167008087,186.5487888854563,41781900,3.1588999560973923
2024-02-13,183.20237731933594,184.36077144619387,181.68757282391297,183.92513863049606,56529500,3.27223200453237
2024-02-14,182.3212127685547,183.6875129162611,180.62820312290157,183.4796068721132,54630500,3.2675659315637438
2024-02-15,182.03408813476562,182.65783644316613,179.5490203671251,181.72716915991907,65434500,3.290450743848183
2024-02-16,180.4994659423828,183.01424950876478,179.8658224253954,181.59844306951368,49752500,3.3147518852784055
2024-02-20,179.75692749023438,180.61828269677792,178.21242224791314,179.98463913307552,53665600,3.180774958899034
2024-02-21,180.5093994140625,181.0737309260645,178.86588113831095,180.13316833455778,41371400,3.0778580353592537
2024-02-22,182.53900146484375,183.12315360761588,180.64798131414128,181.65784073265692,52292200,3.0434864458569586
2024-02-23,180.70742797851562,183.2023913936763,180.42029946099493,183.17269052734747,45119700,2.6715240708038386
2024-02-26,179.3609161376953,180.9450175834942,178.85597124394113,180.43019254491847,40867400,2.5798962026436487
2024-02-27,180.8163299560547,182.09351248592515,177.77681047698752,179.30152539649055,54318900,2.7088346205628704
2024-02-28,179.61831665039062,181.30143093346823,178.34113428414614,180.69748823755316,48953900,2.7479492091285045
2024-02-29,178.95497131347656,180.75690414056305,177.74708592784262,179.46981142225187,136682600,2.808259411260871
2024-03-01,177.8758087158203,178.73716395290236,175.61845249589473,177.76690051629518,73563100,2.9058505387931155
2024-03-04,173.361083984375,175.14319605787904,172.06408093389737,174.40064432483445,81510100,3.1752888140339013
2024-03-05,168.4305419921875,170.33147275577412,167.93550746706842,169.0641855800497,95132400,3.3054139744976863
2024-03-06,167.44049072265625,169.53944760498507,167.00485787713032,169.3612273012443,68587700,3.2679339698187726
2024-03-07,167.32164001464844,169.03445493979737,166.81671032658778,167.47014430312151,71765100,3.204286008187956
2024-03-08,169.03448486328125,171.9749911536114,167.26226790901475,167.32166963491963,76267000,3.316021448275618
2024-03-11,171.034423828125,172.64824117092596,170.34137853305091,171.22253935977105,60139500,3.4022997239027553
2024-03-12,171.5096893310547,172.30174774042325,169.3117344210043,171.43048197939208,59825400,3.4581685475931403
2024-03-13,169.43052673339844,171.4700666239107,169.06419090034882,171.05423942259554,52488700,3.4461502788183185
2024-03-14,171.28192138671875,172.5789092413306,170.34135894390695,171.19281881058188,72913500,3.4723138913362317
2024-03-15,170.9057159423828,170.9057159423828,168.59885322457814,169.47011882986195,121752700,3.514744021521056
2024-03-18,171.99478149414062,175.94516209588443,171.79677072295308,173.82641511894556,75604200,3.5663686032756265
2024-03-19,174.3313446044922,174.85607994565953,171.31163124958826,172.6086191723699,55215200,3.6080937494719967
2024-03-20,176.89564514160156,176.89564514160156,173.35119593354977,173.97494430389506,53423100,3.6462816777099505
2024-03-21,169.66810607910156,175.7273381457555,169.1433707597941,175.29170540355622,106181300,3.961692789440353
2024-03-22,170.56912231445312,171.33147983629345,168.37116745936027,170.05428209514795,71160100,3.7580202605125135
2024-03-25,169.15333557128906,170.2325074163458,167.76722957196378,168.87611739287553,54288300,3.5706142765969964
2024-03-26,168.02462768554688,169.71763732680742,167.8959138727621,168.31174106723407,57388400,3.5196952570391806
2024-03-27,171.58888244628906,171.87601096065072,168.42066417893392,168.7176879462108,60273300,3.63638373288877
2024-03-28,169.7770538330078,170.51960569647457,168.81668554767697,170.04437673388762,65672700,3.4977747081755877
2024-04-01,168.3414306640625,169.54931605122675,167.79688969325008,169.48991432845702,46240500,3.381089553326518
2024-04-02,167.1632537841797,167.65828830624176,166.55931106297376,167.40087579338118,49329500,3.294811430588646
2024-04-03,167.9652099609375,168.98497988400436,166.90584392266877,167.11374996517486,47691700,3.2686426827764836
2024-04-04,167.1434783935547,170.2126836435028,167.1434783935547,168.59886612133832,53704400,3.262987164349052
2024-04-05,167.8959197998047,168.69787335368648,167.2721714324497,167.90581505219322,42104800,3.18236764991985
2024-04-08,166.7771453857422,167.51969724864153,166.56923932419392,167.35138730592178,37425500,2.9171701014990754
2024-04-09,167.9850311279297,168.3909631058002,166.6781477036779,167.02466284236104,42373800,2.7863391519312932
2024-04-10,166.11378479003906,167.4107728345435,165.45044033625643,167.12365945587084,49709300,2.7142064079042547
2024-04-11,173.30166625976562,173.71750852250418,166.49000200344838,166.6682071669761,91070300,2.703595647236944
2024-04-12,174.79672241210938,176.58874526879183,172.47996408161129,172.5294554564089,101670900,2.7856291336831833
2024-04-15,170.97503662109375,174.8759113224836,170.7869210734751,173.61851932570818,73531800,2.877564669863123
2024-04-16,167.69789123535156,172.03438316124112,166.59891404642835,170.0443499195711,73711200,3.135689359917941
2024-04-17,166.33160400390625,168.95528100035153,166.33160400390625,167.9256158132339,50901200,3.0479960542994724
2024-04-18,165.38113403320312,166.96525061902096,164.89600984807865,166.36130787024413,43122900,2.9977849023230596
2024-04-19,163.3614044189453,164.7474951408098,162.4505426435407,164.55939469854349,68149400,3.065672563030538
2024-04-22,164.19302368164062,165.59891971474525,163.1336578084027,163.8762094876148,48116400,3.1144684419772397
2024-04-23,165.24252319335938,165.39104261951863,163.28219064755024,163.70792820716713,49537800,3.1165910141652966
2024-04-24,167.34149169921875,167.6187098522012,164.5593998092657,164.8861093338651,48251800,3.115884213664395
2024-04-25,168.20285034179688,168.91570135131437,166.48012455092012,167.84642483703811,50558300,3.178825773683142
2024-04-26,167.6186981201172,169.63843239437367,167.49987955768663,168.19293999888993,44838400,3.2368166566171612
2024-04-29,171.77700805664062,174.2818819511338,171.38098641526307,171.64829422492716,68169400,3.590414401538183
2024-04-30,168.63845825195312,173.25218351807536,168.31173366197407,171.6086653165762,65934800,3.7622614775687566
2024-05-01,167.6186981201172,170.99483730573115,167.43058257791944,167.8959162536964,50383100,3.473727977236371
2024-05-02,171.31163024902344,171.69775653757537,169.19288328746214,170.79679016186972,94214900,3.4716049222562027
2024-05-03,181.55886840820312,185.14291355827163,180.84601747897057,184.7963833456082,163224100,4.16748299798761
2024-05-06,179.9054412841797,182.37070337959045,178.62824383792136,180.5390848280799,78569700,4.04655374276306
2024-05-07,180.58859252929688,183.06376520709566,179.51933122687228,181.6281680754234,77305800,4.112322098747209
2024-05-08,180.92520141601562,181.25192597526086,179.64800403830677,181.0341096024307,45057100,4.079085039176623
2024-05-09,182.737060546875,182.82616313989396,180.30148392023486,180.74701199258516,48983000,4.050091312747814
2024-05-10,181.47796630859375,183.50044009541958,180.56586910059414,183.31206939842306,50759500,4.08361339049659
2024-05-13,184.6802215576172,185.49318663872077,183.0344740478803,183.84743912898392,72044800,4.219782558936493
2024-05-14,185.82032775878906,186.68286641073877,184.69011878206607,185.89964252722956,52393600,4.144306473949785
2024-05-15,188.09068298339844,189.01268886802714,185.76085876781028,186.2962297111884,70400000,4.202610281079972
2024-05-16,188.2096405029297,189.458829238671,188.03119361367854,188.83423487080034,52845200,4.151830480244645
2024-05-17,188.2393798828125,189.1713095252472,187.55530322495105,187.8824709799172,41282900,3.7913177994788976
2024-05-20,189.39932250976562,190.27176982167657,187.38675756521698,187.7040166341828,44361300,3.6445008280759197
2024-05-21,190.69808959960938,191.07481584379752,189.28036268210627,189.44890089382775,42309400,3.5180864304958868
2024-05-22,189.26052856445312,191.16405275409193,188.63594934473116,190.61877317517173,34648500,3.4073039299174996
2024-05-23,185.2750701904297,189.35968258649532,185.02721720275102,189.3398501117122,51005900,2.7288169352386507
2024-05-24,188.3484344482422,188.94328765804346,186.42509288132968,187.19840810516956,36327000,2.723513929948985
2024-05-28,188.35836791992188,191.3425125399711,187.4760118609873,189.86530324069457,52280100,2.746518694146157
2024-05-29,188.65576171875,190.5989356775744,187.88246165547932,187.98160889548626,53068000,2.8259867002276553
2024-05-30,189.6471710205078,190.52952698465035,188.99285067972127,189.12172393667825,49889100,2.7794928463877437
2024-05-31,190.5989532470703,190.9162123421418,188.27905284340878,189.7959119633218,75158300,2.758249168095428
2024-06-03,192.3636474609375,193.31540952983562,190.86662095571478,191.24334718637152,50080500,2.665480307569591
2024-06-04,192.680908203125,193.64257895328527,191.37223723797064,192.96841099700254,47471400,2.6846015120119517
2024-06-05,194.18783569335938,195.20898869639487,193.19642383583022,193.7218709101011,54156800,2.6329051115157376
2024-06-06,192.80979919433594,194.8124556459051,192.5024638984892,194.0094143560484,41181800,2.695930548831697
2024-06-07,195.1990966796875,195.24867030234284,192.47271383884646,192.97832848334124,53103900,2.778784131917427
2024-06-10,191.46145629882812,195.60556579928584,190.49978557066368,195.20899197297106,97010200,2.9374104156433254
2024-06-11,205.3709716796875,205.38089548057218,191.96709351098235,191.98691085726122,172373300,3.803480845647097
2024-06-12,211.24014282226562,218.30889945026047,205.1231180281253,205.58908283581826,198134300,4.564743560845268
2024-06-13,212.4001007080078,214.888539245905,209.7827737762817,212.8958066808934,97862700,4.619979281265198
2024-06-14,210.66513061523438,213.32210737882852,209.4853479747781,212.01345147179217,70122700,4.632017991010672
2024-06-17,214.80923461914062,217.06965275202606,210.89316027395952,211.53757201804441,93728300,4.813305237996951
2024-06-18,212.4496612548828,216.75240063817128,211.1707464886947,215.72132373307375,79943300,5.017960961381344
2024-06-20,207.87924194335938,212.4000929584359,207.05638337080816,212.0927425591543,86172500,5.269354719822366
2024-06-21,205.70806884765625,210.07027533194446,205.33132746963062,208.58315742215362,241805100,5.419482460078139
2024-06-24,206.35247802734375,210.87331399723786,204.8157865138524,205.93608683303725,80727000,5.6581304029795785
2024-06-25,207.2744903564453,209.56464939365068,206.8184342324815,207.35378999494392,55549700,5.725403949479029
2024-06-26,211.41859436035156,213.01476817493463,208.8310086144187,209.68362348048936,66213200,5.954846615566132
2024-06-27,212.2613067626953,213.88722177256454,210.5263358320774,212.8462361886446,49772700,6.029910486499793
2024-06-28,208.81117248535156,214.21437951883613,208.4939285392998,213.91695291908772,82542700,6.24023152335979
2024-07-01,214.8885498046875,215.64201747450758,210.10002805599396,210.26856627972688,60402900,6.363450434826494
2024-07-02,218.37831115722656,218.4873670751859,213.25271326862932,214.2936836981781,58046200,5.743108622313102
2024-07-03,219.64730834960938,219.64730834960938,217.14894613859082,218.11061688690268,37369800,4.979721535804773
2024-07-05,224.3961944580078,224.50525038603786,219.74646963306245,219.74646963306245,60412400,4.962019862005142
2024-07-08,225.8634796142578,225.89322076278884,221.3327197032473,225.13973799267995,59085900,5.013715694540222
2024-07-09,226.716064453125,227.42988222637766,224.4259054004998,225.9725055332989,48076100,4.77081960090352
2024-07-10,230.97915649414062,231.0783037422216,227.28119408246098,227.3307677065015,62627700,4.683718539447808
2024-07-11,225.6156463623047,230.39424455320685,223.83110165559438,229.40283250811748,64710600,4.809059750481493
2024-07-12,228.56011962890625,230.64209091466597,226.71609267309665,226.95403700304678,53046500,4.829595228342025
2024-07-15,232.38693237304688,235.1926297333435,231.0881852656036,234.44907084333448,62631300,4.87066541556001
2024-07-16,232.80335998535156,234.24090427881208,230.33473879844306,232.98180687397965,43234300,4.920236423707302
2024-07-17,226.9143829345703,229.47222770464353,224.6936146131452,227.4794799069808,57345900,5.089484106115663
2024-07-18,222.2547149658203,228.46096321097224,220.36112971273346,228.3023336745397,66034600,5.427980360240779
2024-07-19,222.3836212158203,224.85224251867803,221.36246807560826,222.88925101284036,49151500,5.268646321921738
2024-07-22,222.03663635253906,225.82382229500527,221.17409763275575,225.06043082550624,48201800,5.1128520128569885
2024-07-23,223.07762145996094,224.99105459605977,220.7676295522315,222.4431183487035,39960300,5.040621386947824
2024-07-24,216.66314697265625,222.86939506256107,215.2652677100796,222.0762625279836,61777600,5.420192211152307
2024-07-25,215.6221923828125,218.95333716975932,212.77682977395946,217.04981289629316,51391200,5.514375451107406
2024-07-26,216.088134765625,217.60499369491455,214.15486954444728,216.82176985722595,41601300,5.435062814744959
2024-07-29,216.36573791503906,217.41663210574902,213.89711684474761,215.0967318967012,36311800,5.471886988682355
2024-07-30,216.92092895507812,218.43778796730905,214.2639371695869,217.3075789949067,41643800,5.458430667869893
2024-07-31,220.17276000976562,221.89782218872546,218.7352157578384,219.53825698895486,50036300,5.303347696091399
2024-08-01,216.4847412109375,222.55217826650295,215.15625266165645,222.44312233318897,62501000,5.472596342697486
2024-08-02,217.97183227539062,223.66254232334134,215.84030263063204,217.2679231335739,105568600,5.5575770275740615
2024-08-05,207.4727783203125,211.66644653820467,194.31673780556494,197.38019703112641,119548600,6.968214812535251
2024-08-06,205.4502716064453,208.18657796978488,199.3431861620261,203.53685401433648,69660500,7.020618129360424
2024-08-07,208.01806640625,211.80525225793107,204.61751548926864,205.12313014700663,63516400,6.955468362962114
2024-08-08,211.47808837890625,212.36044444161047,207.0365669160157,211.27980900719393,47161100,7.086475725999615
2024-08-09,214.38290405273438,214.9182597959333,210.1495712142523,210.2784595957283,42201600,7.09497314881615
2024-08-12,215.9114532470703,217.8767166928247,213.99582080224636,214.46232494953352,38028100,7.070506780726869
2024-08-13,219.6236572265625,220.2390393048837,217.380462936734,217.380462936734,44155300,6.821594802722016
2024-08-14,220.07028198242188,221.37053243582614,218.06530765715263,218.9288446755302,41960600,6.616503187212991
2024-08-15,223.04795837402344,223.67327566716008,221.1025352094067,222.9288560878089,46414000,6.627422439660914
2024-08-16,224.36807250976562,225.14226768918678,221.98592068094572,222.25391598005478,44340200,6.601481850178033
2024-08-19,224.20925903320312,224.30852103873067,221.38045847347976,224.0405257400108,40687800,6.5167506529325845
2024-08-20,224.8246612548828,225.4797542015927,223.7725505409132,224.09017687092657,30299000,6.283201397720597
2024-08-21,224.71546936035156,226.28371522001356,223.37552309496598,224.8345868015738,34765500,5.962649006306388
2024-08-22,222.859375,226.64102413052154,222.2340576918725,226.09511339685906,43695300,5.718700916730656
2024-08-23,225.15219116210938,226.52192810531062,222.66087229355688,223.98097823318813,38677300,4.304841012582661
2024-08-26,225.4896697998047,225.58893181224732,222.22415556593285,225.07279660900764,30602200,3.9135113296223523
2024-08-27,226.33334350585938,227.14724957253156,223.21670725505913,224.31844891527626,35934600,3.6808545831087804
2024-08-28,224.80479431152344,228.14971479709,224.0008084384826,226.22414704916858,38052200,3.596928071181111
2024-08-29,228.08023071289062,231.18694665641485,227.17701311839377,228.38793686624163,51906300,3.712175482838997
2024-08-30,227.29611206054688,228.68568922028223,225.78741746908054,228.4772602189495,52990800,3.641988044312094
2024-09-03,221.11248779296875,227.2961293418145,219.52438650802387,226.84948058831634,50190600,3.8879992425961825
2024-09-04,219.20677185058594,220.12984491677884,215.86183603349318,220.01074262314262,43840200,4.0269583126534725
2024-09-05,220.72537231445312,223.80229748015876,219.87177059333374,219.9809527371486,36615400,4.097853451570231
2024-09-06,219.17698669433594,223.56409767944487,218.13479623481732,222.28368749781316,48423000,4.260207339883552
2024-09-09,219.2663116455078,219.62363365317324,215.0975649862482,219.17698492990527,67180000,4.37009695635778
2024-09-10,218.4722900390625,219.83209181891954,215.11743380788891,217.29114171411052,51591000,4.584915124240003
2024-09-11,221.0032958984375,221.43008920211523,216.26878297144034,219.81222755985956,44587100,4.745851846070524
2024-09-12,221.11248779296875,221.8866830044339,218.1844402475294,220.84449248276735,37455600,4.695514440231627
2024-09-13,220.84449768066406,222.37303270856336,220.25889118684435,221.9164638014437,36766600,4.570734848086289
2024-09-16,214.7104949951172,215.60379255643394,212.32834292284386,214.92884416844979,59357400,4.938690456050984
2024-09-17,215.17694091796875,215.28612305537175,212.90398660599377,214.1446858286394,45519300,4.82809003690138
2024-09-18,219.04794311523438,221.05291740528648,215.92137182236397,215.931307109631,59894900,4.951452188952118
2024-09-19,227.16708374023438,228.11002736409566,222.95864123060412,223.31596324984213,66781300,5.142875896378537
2024-09-20,226.5020751953125,231.3556905514529,225.92638886705737,228.2589097535001,318679900,5.323663748749526
2024-09-23,224.78494262695312,227.742765583781,224.12984974700805,225.64846451262724,54146000,5.026604677533977
2024-09-24,225.67823791503906,227.64351653597865,224.05044101841318,226.94871280288095,43556100,4.9082063745403985
2024-09-25,224.68569946289062,225.59885242729763,222.3531936181764,223.2564112941643,42308700,4.817457707918245
2024-09-26,225.82713317871094,226.7998372114188,223.73283210674714,225.60876888531146,36636700,4.648722255064253
2024-09-27,226.09512329101562,227.81226214161182,225.6087788258606,226.7601514881057,34026000,4.4828233014089784
2024-09-30,231.26634216308594,231.26634216308594,227.94126208675945,228.32835965023514,54541900,4.5154347914832424
2024-10-01,224.5269012451172,227.94129335648356,222.0752779583648,227.81227091446172,63285000,4.80327464677226
2024-10-02,225.0926513671875,225.67825786117984,221.36063294746157,224.2092739820147,32880600,4.8472305151161015
2024-10-03,223.99090576171875,225.12242301224842,221.65839996957536,223.4648504260935,34044200,4.943650623755677
2024-10-04,225.11248779296875,226.3035561118749,222.46235586119454,226.20429410810965,37245100,4.609725301817117
2024-10-07,220.04049682617188,224.01073444452058,219.68317483471031,222.8295863298211,39505400,4.82738076673715
2024-10-08,224.09014892578125,224.29857792676054,221.58889489724396,222.63108533790577,31855700,4.711816810542217
2024-10-09,227.83209228515625,228.0405364361267,223.15714569962594,223.55416342639623,33591100,4.413338702516465
2024-10-10,227.3358154296875,227.7923994519787,225.47973405841245,226.0851959438118,28183500,4.193557026969913
2024-10-11,225.85691833496094,227.70307961960657,225.6484741750507,227.5938974682738,31759200,4.082249141811551
2024-10-14,229.57901000976562,230.0058033150611,226.89910245149323,226.99834931201846,39882100,4.121949817706885
2024-10-15,232.1100311279297,235.72294688412148,230.64103225198252,231.87181141001133,64751400,4.323299287527827
2024-10-16,230.05543518066406,230.3929017691756,228.12986736523644,229.87678174389526,34082200,4.388524905957941
2024-10-17,230.4226837158203,232.11004699556463,228.8048220166126,231.69315867439417,32993800,4.467220739043713
2024-10-18,233.25148010253906,234.4226930307779,232.26884075534687,234.4226930307779,46431500,4.383562913535662
2024-10-21,234.720458984375,235.08771628667242,232.7055644739604,232.7055644739604,36254500,3.897212028392153
2024-10-22,234.10508728027344,234.4624093106695,230.86934872103873,232.14974382855843,38846600,3.8638895533648667
2024-10-23,229.0430450439453,233.39046088528607,226.06536628034368,232.338350145388,52287000,4.1907251217403445
2024-10-24,228.85446166992188,229.10260155629064,226.710529416834,228.26884002769643,31109500,4.08721597093865
2024-10-25,229.6881866455078,231.48471683213373,227.86188088691335,228.03061417648678,38802300,3.9581818985787884
2024-10-28,231.66336059570312,232.983466430484,230.8196941830456,231.58396917060392,36087100,3.8894103760350385
2024-10-29,231.93136596679688,232.5864588417728,230.59141979007921,231.36561495313973,35417200,3.6830995414059555
2024-10-30,228.38792419433594,231.7328445287285,227.84201349481597,230.87924283818487,47070900,3.8071705589228912
2024-10-31,224.22911071777344,228.11994197442104,223.693120129287,227.63358238786932,64370100,3.995756174672396
2024-11-01,221.25144958496094,223.67329727363756,218.63109301833273,219.32588166379162,65276700,4.099265654625293
2024-11-04,220.35813903808594,221.13233427123137,218.07526420177624,219.34573920720757,44944500,3.8872834052559244
2024-11-05,221.7874298095703,222.28370958768312,219.49461965793014,220.14971259990074,28111300,3.8022067029030473
2024-11-06,221.0628662109375,224.3879467919736,219.54425129715867,220.95368405362794,54561100,3.9120974540361124
2024-11-07,225.78741455078125,226.18444740932767,222.8990781242877,222.95862926675593,42137700,3.992209731424154
2024-11-08,225.51913452148438,227.2083389148385,224.9726232043034,225.72779283046052,38328800,3.981750009840088
2024-11-11,222.80645751953125,224.26712634517858,220.0937933412938,223.5715733715174,42005600,4.094195075329681
2024-11-12,222.80645751953125,224.15782408060912,221.94198562097503,223.1244332571579,40398300,3.6782034653085622
2024-11-13,223.69081115722656,225.21109667354565,221.3457931121334,222.5878574334345,48566200,3.783434281162534
2024-11-14,226.77113342285156,227.41700079571672,223.5715745650122,223.5914518391994,44923900,3.799333587268543
2024-11-15,223.57156372070312,225.47937257835642,222.8462024481905,224.96266960797624,47923700,3.8443086722460356
2024-11-18,226.57240295410156,228.28148462394066,223.7404903183321,223.81998425203597,44633700,4.038228804499174
2024-11-19,226.8307647705078,228.6988344551977,225.22105418122663,225.53901477922054,36211800,3.9945450760698997
2024-11-20,227.5461883544922,228.47027695087482,224.45593165289552,226.61215353970658,35169600,3.945940878422068
2024-11-21,227.06924438476562,228.69883223369175,224.2770861035494,227.42695953023323,42108300,3.861921480615042
2024-11-22,228.41065979003906,229.25526960886552,226.6121530455377,226.6121530455377,38168300,3.8238451363395507
2024-11-25,231.39161682128906,231.7692092379923,228.28149797848934,229.99057974831032,90152800,3.873746659893121
2024-11-26,233.56771850585938,234.07449047305911,231.84870566104107,231.84870566104107,45986200,3.719402242532772
2024-11-27,233.4385528564453,234.19373774290258,232.32566796514345,232.98148163119754,33498400,3.4870085696305546
2024-11-29,235.82330322265625,236.3002516789311,232.48463370489634,233.3192972938568,28481400,3.599858731309102
2024-12-02,238.06893920898438,239.26131787624368,235.65437354492806,235.76367580720535,48137100,3.469973242103748
2024-12-03,241.1095428466797,241.21884512379424,237.38334952948236,238.2875760799829,38861000,3.585663037437876
2024-12-04,241.46725463867188,242.56027739454964,239.7184333911867,241.32814402991647,44383900,3.512558783291498
2024-12-05,241.4970703125,242.98754766386446,240.59285890906452,242.44105143123323,40033900,3.408934677869744
2024-12-06,241.29833984375,243.0769846168902,240.5431701206591,241.36790273028285,36870600,3.3095692151247453
2024-12-09,245.1835174560547,245.67041216886827,240.21525975684386,240.29475369946152,44649200,3.3628000371809503
2024-12-10,246.197021484375,246.63423054379348,243.78244060146582,245.32260336553807,36914800,3.318086442063564
2024-12-11,244.92515563964844,249.2077910379196,244.69660488558225,246.38582450957213,45205800,3.353575074517711
2024-12-12,246.38583374023438,247.1608807008323,244.12029436088807,245.32261935264157,32777500,3.2549208037892754
2024-12-13,246.5547637939453,247.7073880681415,244.676762972136,246.24673423955153,33155300,3.282599984694824
2024-12-16,249.44627380371094,249.7841268474892,246.07779571830554,246.4156487620838,51694800,3.2982156896720176
2024-12-17,251.87078857421875,252.2185726786221,248.19428090188288,248.49237939681157,51356400,3.3940312700269595
2024-12-18,246.4752655029297,252.6657103008961,246.1672359539693,250.55917390522964,56774100,3.7247744535389353
2024-12-19,248.20419311523438,250.400169527173,245.5213371883983,245.92873792847348,60882300,3.800718336734647
2024-12-20,252.87437438964844,253.38113119374523,244.13023820234332,246.46531011815415,147495300,4.203857526740811
2024-12-23,253.6494140625,254.02699130961165,251.84096111600803,253.15258832932108,40858800,4.086038569547363
2024-12-24,256.56085205078125,256.5707679464462,253.6693071300515,253.86804957710976,23234700,4.091717846731882
2024-12-26,257.3756103515625,258.44877099351584,255.99445048269988,256.5508929178466,27237100,4.095977257875883
2024-12-27,253.96737670898438,257.05764856283577,251.45343969164696,256.19314630806485,42355300,4.338002698139058
2024-12-30,250.59890747070312,251.890657464443,249.15811581542044,250.6287158030117,35557500,4.2918675896775955
2024-12-31,248.83023071289062,251.67207488235135,247.84651017510492,250.83741118103507,39480700,4.361422930028937
